id,公開データID,WordPress投稿ID,スラッグ,記事タイトル,記事サブタイトル,年度,記事抜粋,記事本文,記事セクションJSON,記事本文文字数,アイキャッチ画像URL,画像JSON,画像件数,基本情報JSON,記事掲載住所,記事掲載電話番号,記事掲載担当者等,記事掲載関連リンク,公開日時,更新日時,出典URL,取得日,取得状態,取得エラー,著作権区分,権利者表示,利用注記,アイキャッチ画像ローカルパス,ローカル画像件数,WebP合計バイト数
1,ACS0001,753,apple-house,あっぷるはうす,カフェギャラリーの老舗、長い歴史を重ねた憩いの場所,令和3年度,七里に自宅があり、貸家にするつもりで店舗付き住宅を購入した。オーナーは元事務員で店舗運営など全く経験はなかったが、自分でカフェをやってみたくなり、1979年11月に2階に住みながら、1階に公園に訪れる若向けのカフェをオープンした。15年目に無料駐車場として使っていた場所がなくなったのをきっかけに１階をカフェに、2階をギャラリーに改装し、1、2階で45点余の展…,"オープンのいきさつから現在まで
七里に自宅があり、貸家にするつもりで店舗付き住宅を購入した。オーナーは元事務員で店舗運営など全く経験はなかったが、自分でカフェをやってみたくなり、1979年11月に2階に住みながら、1階に公園に訪れる若向けのカフェをオープンした。15年目に無料駐車場として使っていた場所がなくなったのをきっかけに１階をカフェに、2階をギャラリーに改装し、1、2階で45点余の展示スペースになった。
それから25年、オーナーが一人で切り盛りするため体力的なこともあり、2021年の9月に２階を改装、縮小してギャラリーは１階だけになった。

どんな場所？
氷川神社参詣口近くにある、ギャラリーカフェとして先駆者的な存在。丸いカウンターがおしゃれで、奥の壁はレンガ作りになっている。美術館に行くのが好きだったオーナーは、近くのコミュニティーセンターで活動しているグループからカフェの壁に自分たちの作品を飾らせてほしいという依頼をうけたことをヒントに「シニアの方々の趣味の活動の発表の場になれば」とギャラリーを開設。８割がそうしたアマ、あとの２割がプロ。中には毎年個展を開いてくれるプロの画家もいる。

オーナーの想い
オーナーの高橋さんはふんわりした温かい人柄が伝わってくる方。
つい最近までは定休日なしで働き詰めだったが、今は月曜日を定休日に。利益を度外視し、今では半月単位で、売り上げの１割をもらう形で貸し出している。これまでも営業活動はしたことはなく、人のつながりを大事に長年やってきた。規模は縮小したが「あそこに行けば感じのいい作品が見られる」という場所を目指してやっていきたい。
ここは地の利に恵まれているし「人の役に立ち、お客さんに喜んで頂ければいい」と語る。
おいしいコーヒーはもちろんのこと、高橋さんの人柄に惹かれて訪れる客が多い。これからも気楽に作品が展示できる場所を提供し続けてもらいたい。","[{""heading"":""オープンのいきさつから現在まで"",""paragraphs"":[""七里に自宅があり、貸家にするつもりで店舗付き住宅を購入した。オーナーは元事務員で店舗運営など全く経験はなかったが、自分でカフェをやってみたくなり、1979年11月に2階に住みながら、1階に公園に訪れる若向けのカフェをオープンした。15年目に無料駐車場として使っていた場所がなくなったのをきっかけに１階をカフェに、2階をギャラリーに改装し、1、2階で45点余の展示スペースになった。"",""それから25年、オーナーが一人で切り盛りするため体力的なこともあり、2021年の9月に２階を改装、縮小してギャラリーは１階だけになった。""]},{""heading"":""どんな場所？"",""paragraphs"":[""氷川神社参詣口近くにある、ギャラリーカフェとして先駆者的な存在。丸いカウンターがおしゃれで、奥の壁はレンガ作りになっている。美術館に行くのが好きだったオーナーは、近くのコミュニティーセンターで活動しているグループからカフェの壁に自分たちの作品を飾らせてほしいという依頼をうけたことをヒントに「シニアの方々の趣味の活動の発表の場になれば」とギャラリーを開設。８割がそうしたアマ、あとの２割がプロ。中には毎年個展を開いてくれるプロの画家もいる。""]},{""heading"":""オーナーの想い"",""paragraphs"":[""オーナーの高橋さんはふんわりした温かい人柄が伝わってくる方。"",""つい最近までは定休日なしで働き詰めだったが、今は月曜日を定休日に。利益を度外視し、今では半月単位で、売り上げの１割をもらう形で貸し出している。これまでも営業活動はしたことはなく、人のつながりを大事に長年やってきた。規模は縮小したが「あそこに行けば感じのいい作品が見られる」という場所を目指してやっていきたい。"",""ここは地の利に恵まれているし「人の役に立ち、お客さんに喜んで頂ければいい」と語る。"",""おいしいコーヒーはもちろんのこと、高橋さんの人柄に惹かれて訪れる客が多い。これからも気楽に作品が展示できる場所を提供し続けてもらいたい。""]}]",810,https://artscouncil-saitama.jp/wp-content/uploads/2024/11/%E3%82%A2%E3%82%BB%E3%83%83%E3%83%88-1-12-1280x720.jpg,"[{""role"":""eyecatch"",""url"":""https://artscouncil-saitama.jp/wp-content/uploads/2024/11/%E3%82%A2%E3%82%BB%E3%83%83%E3%83%88-1-12-1280x720.jpg"",""alt"":"""",""width"":null,""height"":null,""local_path"":""images/ACS0001/01-eyecatch.webp"",""webp_width"":1280,""webp_height"":720,""source_bytes"":1136411,""webp_bytes"":120654,""download_status"":""取得済み"",""download_error"":""""},{""role"":""body"",""url"":""https://artscouncil-saitama.jp/wp-content/uploads/2024/11/%E3%82%A2%E3%82%BB%E3%83%83%E3%83%88-2-11.jpg"",""alt"":"""",""width"":1280,""height"":549,""local_path"":""images/ACS0001/02-body.webp"",""webp_width"":1280,""webp_height"":549,""source_bytes"":1750845,""webp_bytes"":111212,""download_status"":""取得済み"",""download_error"":""""},{""role"":""body"",""url"":""https://artscouncil-saitama.jp/wp-content/uploads/2024/11/%E3%82%A2%E3%82%BB%E3%83%83%E3%83%88-3-12.jpg"",""alt"":"""",""width"":1280,""height"":638,""local_path"":""images/ACS0001/03-body.webp"",""webp_width"":1280,""webp_height"":638,""source_bytes"":1669515,""webp_bytes"":65736,""download_status"":""取得済み"",""download_error"":""""}]",3,"{""住所"":""さいたま市大宮区高鼻町2−285"",""電話番号"":""048-644-9925"",""代表"":""高橋公恵""}",さいたま市大宮区高鼻町2−285,048-644-9925,代表: 高橋公恵,,2024-11-14T10:00:00,2025-01-24T17:51:01,https://artscouncil-saitama.jp/library/survey/apple-house/,2026-08-02,取得済み,,著作物（オープンデータ対象外）,© Saitama City Cultural Promotion Foundation / アーツカウンシルさいたま,公式サイトの著作権表示・利用条件に従うこと。オープンデータCSVとは分離して利用する。,images/ACS0001/01-eyecatch.webp,3,297602
2,ACS0002,739,onvo-salon-urawa,ONVO SALON urawa 株式会社 ものくり商事,いろんな人と出会い、新たな自分を見つけることができる拠点,令和3年度,インテリアデザインの専門学校を卒業後、早坂さんは不動産業に就職し、不動産について学んだ。その後、専門学校の友人であり、家具デザインや建築関係の仕事をしている方々と会社を設立した。,"オープンのきっかけ、経緯
インテリアデザインの専門学校を卒業後、早坂さんは不動産業に就職し、不動産について学んだ。その後、専門学校の友人であり、家具デザインや建築関係の仕事をしている方々と会社を設立した。
「ものくり商事」はmonokuri = ものづくりで恩送りをするという意味が込められている。恩を返すのではなく、次世代に繋げていくなど、恩は返すだけではなく送るという概念を本で読み、 自分たちにできる恩送りは何かを考え、ものづくりで恩送りをしようということで立ち上げたのが「ものくり商事」である。

どのような活動をしているのか
誰もが使える会議室やオープンスペースを設け、自分の作品や考えを表現する場、人々が集まる場として提供している。特定の目的で場を提供するのではなく、制限を設けないことで、誰かと出会い、その人が変わっていく場として提供している。
また、定期的に施設を利用する人とアーティストを繋げることで、お客さんとアーティストのサポートや交流の場を設けている。レンタルスペースの利用だけでなく、展示作品を見るお客さんとアーティストの仲介役等も担っている。

どのような場・施設があるとよいか
お客さんからはヨガ系のイベントや自分のスキルを出せる場などが欲しいという要望を受けるという。また、子ども向けの教室などを自分で開いてみたいが自宅ではできないから、こういったスペースがあるとありがたいというお声もあるとのこと。
早坂さんは、結婚や出産などで社会から出ていってしまった女性・男性が、企業でキャリアを一から積んでいくのではなく、自分自身にキャリアを積み上げることで、自分を表現する場所、個を発信する場所が増えてほしいと考える。

今後の展望は？
早坂さんはお話ししてくれた。
「利用していただく人の悩みに寄り添って相談に乗ることやお話を聞くことは継続していき、地域の方々とのイベントやワクワクするような仕掛けづくりをしていきたい。
会社の掲げている「豊心穏暮」のように、豊かな心で穏やかに暮らせるサービスを提供していきたい。自分の興味を見つけられていない人や自分の考えを実現できることを知らない人などに我々を知ってもらい、思いを形にできるということを伝えていきたい。様々なONVO（穏暮）を作っていきたい。」と。","[{""heading"":""オープンのきっかけ、経緯"",""paragraphs"":[""インテリアデザインの専門学校を卒業後、早坂さんは不動産業に就職し、不動産について学んだ。その後、専門学校の友人であり、家具デザインや建築関係の仕事をしている方々と会社を設立した。"",""「ものくり商事」はmonokuri = ものづくりで恩送りをするという意味が込められている。恩を返すのではなく、次世代に繋げていくなど、恩は返すだけではなく送るという概念を本で読み、 自分たちにできる恩送りは何かを考え、ものづくりで恩送りをしようということで立ち上げたのが「ものくり商事」である。""]},{""heading"":""どのような活動をしているのか"",""paragraphs"":[""誰もが使える会議室やオープンスペースを設け、自分の作品や考えを表現する場、人々が集まる場として提供している。特定の目的で場を提供するのではなく、制限を設けないことで、誰かと出会い、その人が変わっていく場として提供している。"",""また、定期的に施設を利用する人とアーティストを繋げることで、お客さんとアーティストのサポートや交流の場を設けている。レンタルスペースの利用だけでなく、展示作品を見るお客さんとアーティストの仲介役等も担っている。""]},{""heading"":""どのような場・施設があるとよいか"",""paragraphs"":[""お客さんからはヨガ系のイベントや自分のスキルを出せる場などが欲しいという要望を受けるという。また、子ども向けの教室などを自分で開いてみたいが自宅ではできないから、こういったスペースがあるとありがたいというお声もあるとのこと。"",""早坂さんは、結婚や出産などで社会から出ていってしまった女性・男性が、企業でキャリアを一から積んでいくのではなく、自分自身にキャリアを積み上げることで、自分を表現する場所、個を発信する場所が増えてほしいと考える。""]},{""heading"":""今後の展望は？"",""paragraphs"":[""早坂さんはお話ししてくれた。"",""「利用していただく人の悩みに寄り添って相談に乗ることやお話を聞くことは継続していき、地域の方々とのイベントやワクワクするような仕掛けづくりをしていきたい。"",""会社の掲げている「豊心穏暮」のように、豊かな心で穏やかに暮らせるサービスを提供していきたい。自分の興味を見つけられていない人や自分の考えを実現できることを知らない人などに我々を知ってもらい、思いを形にできるということを伝えていきたい。様々なONVO（穏暮）を作っていきたい。」と。""]}]",965,https://artscouncil-saitama.jp/wp-content/uploads/2024/11/asset-3-24-1280x720.jpg,"[{""role"":""eyecatch"",""url"":""https://artscouncil-saitama.jp/wp-content/uploads/2024/11/asset-3-24-1280x720.jpg"",""alt"":"""",""width"":null,""height"":null,""local_path"":""images/ACS0002/01-eyecatch.webp"",""webp_width"":1280,""webp_height"":720,""source_bytes"":918438,""webp_bytes"":50282,""download_status"":""取得済み"",""download_error"":""""},{""role"":""body"",""url"":""https://artscouncil-saitama.jp/wp-content/uploads/2024/11/asset-1-25.jpg"",""alt"":"""",""width"":1280,""height"":869,""local_path"":""images/ACS0002/02-body.webp"",""webp_width"":1280,""webp_height"":869,""source_bytes"":1810931,""webp_bytes"":97452,""download_status"":""取得済み"",""download_error"":""""},{""role"":""body"",""url"":""https://artscouncil-saitama.jp/wp-content/uploads/2024/11/asset-2-24.jpg"",""alt"":"""",""width"":1280,""height"":853,""local_path"":""images/ACS0002/03-body.webp"",""webp_width"":1280,""webp_height"":853,""source_bytes"":1555624,""webp_bytes"":54452,""download_status"":""取得済み"",""download_error"":""""}]",3,"{""住所"":""さいたま市浦和区仲町1-10-7 尾張屋第一ビル5F"",""電話番号"":""048-822-3341"",""代表"":""早坂 拓紀"",""店長"":""兵頭 裕子"",""HP/SNS"":""ウェブサイト\nFacebook\nInstagram\nLINE""}",さいたま市浦和区仲町1-10-7 尾張屋第一ビル5F,048-822-3341,代表: 早坂 拓紀 / 店長: 兵頭 裕子,"ウェブサイト
Facebook
Instagram
LINE",2024-11-28T10:00:00,2025-06-07T10:53:57,https://artscouncil-saitama.jp/library/survey/onvo-salon-urawa/,2026-08-02,取得済み,,著作物（オープンデータ対象外）,© Saitama City Cultural Promotion Foundation / アーツカウンシルさいたま,公式サイトの著作権表示・利用条件に従うこと。オープンデータCSVとは分離して利用する。,images/ACS0002/01-eyecatch.webp,3,202186
3,ACS0003,751,kuusouteien,カフェ＆ギャラリー 空想庭園,集うみんながアーティスト。福祉とアートの彩りカフェ,令和3年度,代表の内野さんは就労継続支援B型さをり工房(クオヴァデス)を「認知症、知的障害、精神障害を抱えている人も素晴らしい感性を持っている。アート活動によって自分を取り戻し、自信をもってほしい」という思いから立ち上げました。カフェはそこで働く方々への工賃を捻出するためにはじめたことがきっかけだそうです。,"カフェ誕生への思い
代表の内野さんは就労継続支援B型さをり工房(クオヴァデス)を「認知症、知的障害、精神障害を抱えている人も素晴らしい感性を持っている。アート活動によって自分を取り戻し、自信をもってほしい」という思いから立ち上げました。カフェはそこで働く方々への工賃を捻出するためにはじめたことがきっかけだそうです。

暖かなカフェ
カフェで働く２人のスタッフからもお話を伺いました。布小物を製作する作家さんとデザイナーさんです。彼女たちを含む、計５名のスタッフがカフェに温かさをもたらしています。自家焙煎の珈琲やケーキが売りで、毎日変わる手作りランチはお客様の健康を考えたメニューとなっています。スタッフの1人は「大人の給食」と表現しましたがピッタリです。近隣に住んでいる方と世間話をしたり、小さいお子さんがいる方への細かい気配りなど、優しい配慮が感じられます。

印象的な代表内野さんの言葉
「どんなに仕事が大変だと感じても、利用者さんから毎日うみ出される反物を見ていると幸せになります。それは常識にとらわれないキラキラしたもので、人間は対等でみんな一緒なんだと思います。」「強制することは何もありません。彼らの良さを引き出し、みんなで変わっていくことを目指しています」と言った内野さんのコメントに力強さを感じました。

カフェを訪れたらぜひ工房へ
さをり工房とカフェは歩いて５分くらいの場所にあります。カフェでお腹を満たしたら、是非工房ものぞいてみてください。
色彩豊かな作品と利用者さんの作品をつくる真剣な表情をみることができます。刺激を受けて訪れた方も自分で何にかやりたくなるかもしれません。彼らの作品が製品に生まれ変わり販売もしています。ぜひ、手作りの肌触りを実感してみてください。","[{""heading"":""カフェ誕生への思い"",""paragraphs"":[""代表の内野さんは就労継続支援B型さをり工房(クオヴァデス)を「認知症、知的障害、精神障害を抱えている人も素晴らしい感性を持っている。アート活動によって自分を取り戻し、自信をもってほしい」という思いから立ち上げました。カフェはそこで働く方々への工賃を捻出するためにはじめたことがきっかけだそうです。""]},{""heading"":""暖かなカフェ"",""paragraphs"":[""カフェで働く２人のスタッフからもお話を伺いました。布小物を製作する作家さんとデザイナーさんです。彼女たちを含む、計５名のスタッフがカフェに温かさをもたらしています。自家焙煎の珈琲やケーキが売りで、毎日変わる手作りランチはお客様の健康を考えたメニューとなっています。スタッフの1人は「大人の給食」と表現しましたがピッタリです。近隣に住んでいる方と世間話をしたり、小さいお子さんがいる方への細かい気配りなど、優しい配慮が感じられます。""]},{""heading"":""印象的な代表内野さんの言葉"",""paragraphs"":[""「どんなに仕事が大変だと感じても、利用者さんから毎日うみ出される反物を見ていると幸せになります。それは常識にとらわれないキラキラしたもので、人間は対等でみんな一緒なんだと思います。」「強制することは何もありません。彼らの良さを引き出し、みんなで変わっていくことを目指しています」と言った内野さんのコメントに力強さを感じました。""]},{""heading"":""カフェを訪れたらぜひ工房へ"",""paragraphs"":[""さをり工房とカフェは歩いて５分くらいの場所にあります。カフェでお腹を満たしたら、是非工房ものぞいてみてください。"",""色彩豊かな作品と利用者さんの作品をつくる真剣な表情をみることができます。刺激を受けて訪れた方も自分で何にかやりたくなるかもしれません。彼らの作品が製品に生まれ変わり販売もしています。ぜひ、手作りの肌触りを実感してみてください。""]}]",747,https://artscouncil-saitama.jp/wp-content/uploads/2024/11/%E3%82%A2%E3%82%BB%E3%83%83%E3%83%88-1-14-1280x720.jpg,"[{""role"":""eyecatch"",""url"":""https://artscouncil-saitama.jp/wp-content/uploads/2024/11/%E3%82%A2%E3%82%BB%E3%83%83%E3%83%88-1-14-1280x720.jpg"",""alt"":"""",""width"":null,""height"":null,""local_path"":""images/ACS0003/01-eyecatch.webp"",""webp_width"":1280,""webp_height"":720,""source_bytes"":1147720,""webp_bytes"":134564,""download_status"":""取得済み"",""download_error"":""""},{""role"":""body"",""url"":""https://artscouncil-saitama.jp/wp-content/uploads/2024/11/%E3%82%A2%E3%82%BB%E3%83%83%E3%83%88-2-13.jpg"",""alt"":"""",""width"":1280,""height"":854,""local_path"":""images/ACS0003/02-body.webp"",""webp_width"":1280,""webp_height"":854,""source_bytes"":2095437,""webp_bytes"":150928,""download_status"":""取得済み"",""download_error"":""""},{""role"":""body"",""url"":""https://artscouncil-saitama.jp/wp-content/uploads/2024/11/%E3%82%A2%E3%82%BB%E3%83%83%E3%83%88-3-14.jpg"",""alt"":"""",""width"":1280,""height"":854,""local_path"":""images/ACS0003/03-body.webp"",""webp_width"":1280,""webp_height"":854,""source_bytes"":2302976,""webp_bytes"":200818,""download_status"":""取得済み"",""download_error"":""""},{""role"":""body"",""url"":""https://artscouncil-saitama.jp/wp-content/uploads/2024/11/%E3%82%A2%E3%82%BB%E3%83%83%E3%83%88-4.jpg"",""alt"":"""",""width"":1280,""height"":592,""local_path"":""images/ACS0003/04-body.webp"",""webp_width"":1280,""webp_height"":592,""source_bytes"":2261272,""webp_bytes"":253752,""download_status"":""取得済み"",""download_error"":""""},{""role"":""body"",""url"":""https://artscouncil-saitama.jp/wp-content/uploads/2024/11/%E3%82%A2%E3%82%BB%E3%83%83%E3%83%88-5-415x415.jpg"",""alt"":"""",""width"":415,""height"":415,""local_path"":""images/ACS0003/05-body.webp"",""webp_width"":415,""webp_height"":415,""source_bytes"":691349,""webp_bytes"":26266,""download_status"":""取得済み"",""download_error"":""""}]",5,"{""住所"":""さいたま市北区土呂町1丁目10-9"",""電話番号"":""048-779-8265"",""代表"":""内野 千恵子"",""HP"":""ウェブサイト\nFacebook\nInstagram""}",さいたま市北区土呂町1丁目10-9,048-779-8265,代表: 内野 千恵子,"ウェブサイト
Facebook
Instagram",2024-11-16T10:00:00,2025-02-02T20:41:50,https://artscouncil-saitama.jp/library/survey/kuusouteien/,2026-08-02,取得済み,,著作物（オープンデータ対象外）,© Saitama City Cultural Promotion Foundation / アーツカウンシルさいたま,公式サイトの著作権表示・利用条件に従うこと。オープンデータCSVとは分離して利用する。,images/ACS0003/01-eyecatch.webp,5,766328
4,ACS0004,754,cafe-nukunuku,Cafe＆Gallery温々（ぬくぬく）,温々には、古木のような大きな根っこが張っている,令和3年度,オーナーのご夫婦は陶芸家・写真家で以前から作家に寄り添ったギャラリーを作りたいと夢があり、作家の想いを実現できないかと考え、自宅の敷地にある納屋（当時築150年）を改装して1993年11月にギャラリーカフェをオープンした。当初、ギャラリーだけを考えていたが周りの知人から、「ギャラリーだけでは、ここは田舎なので人も来ないので、何か軽食もあった方が良いのでは？」…,"オープンのきっかけは？
オーナーのご夫婦は陶芸家・写真家で以前から作家に寄り添ったギャラリーを作りたいと夢があり、作家の想いを実現できないかと考え、自宅の敷地にある納屋（当時築150年）を改装して1993年11月にギャラリーカフェをオープンした。当初、ギャラリーだけを考えていたが周りの知人から、「ギャラリーだけでは、ここは田舎なので人も来ないので、何か軽食もあった方が良いのでは？」と後押しされ、当時は、おにぎり、サンドイッチ、カレーなど提供できるようカフェも併設され、現在は､どんぶり３種、お昼の限定メニューなど充実した内容となっている。

どんな場所なの？
JR宇都宮線東大宮駅東口よりバスで15分。ファミリータウンで下車すると、見沼田んぼが広がる静かな田園風景の中にこんもりとした森に囲まれた昔ながらの民家にお店がある。香り豊かな珈琲に自然味豊かなパンやケーキ、地元野菜を使用した季節の食材中心のご飯は手作りにこだわり提供している。店内のテーブルや椅子、作家の作品を乗せる棚などはナチュラルな素材を基調として統一されている。築180年の温もりのある納屋の空間が木調の家具や土壁の内装が心地よく調和し静かでゆったりとした寛ぎの時間が過ごせます。定休日は毎週月曜日、駐車場スペースは20台。

お店の名前の由来とギャラリースペース
店内にあるギャラリースペースには陶芸作品を中心に木工、布小物など様々な作品を展示販売している。オーナー自ら足を運び作家と交流を深め作家の気持ちに常に寄り添いながら展示を進めている。一年を通じて個展や企画展を開催し人と人のつながりを大切にしたいという想いと誰にとっても温かい場所になってほしいとの願いを込めて、「ぬくとい」「ぬくい」という言葉から、『温々（ぬくぬく）』という言葉をお店の名前に決めたそうだ。

敷地内のお店では
広い雑木林の中にはカフェ＆ギャラリー温々の他にも昔ながらの食材を扱っているフェアトレードのお店「かぎろひ」、アロマリラクゼーションルームの「Amara」がある。温々で提供しているパンは天然酵母パンの「ざぱん」とスイーツは手作りお菓子「te.to.te」のケーキが楽しめる。四季を通じて見沼の景色の移ろいを眺めながらゆったりとした時間を過ごせます。お買い物やリフレッシュの機会にぜひ訪れてみてください。","[{""heading"":""オープンのきっかけは？"",""paragraphs"":[""オーナーのご夫婦は陶芸家・写真家で以前から作家に寄り添ったギャラリーを作りたいと夢があり、作家の想いを実現できないかと考え、自宅の敷地にある納屋（当時築150年）を改装して1993年11月にギャラリーカフェをオープンした。当初、ギャラリーだけを考えていたが周りの知人から、「ギャラリーだけでは、ここは田舎なので人も来ないので、何か軽食もあった方が良いのでは？」と後押しされ、当時は、おにぎり、サンドイッチ、カレーなど提供できるようカフェも併設され、現在は､どんぶり３種、お昼の限定メニューなど充実した内容となっている。""]},{""heading"":""どんな場所なの？"",""paragraphs"":[""JR宇都宮線東大宮駅東口よりバスで15分。ファミリータウンで下車すると、見沼田んぼが広がる静かな田園風景の中にこんもりとした森に囲まれた昔ながらの民家にお店がある。香り豊かな珈琲に自然味豊かなパンやケーキ、地元野菜を使用した季節の食材中心のご飯は手作りにこだわり提供している。店内のテーブルや椅子、作家の作品を乗せる棚などはナチュラルな素材を基調として統一されている。築180年の温もりのある納屋の空間が木調の家具や土壁の内装が心地よく調和し静かでゆったりとした寛ぎの時間が過ごせます。定休日は毎週月曜日、駐車場スペースは20台。""]},{""heading"":""お店の名前の由来とギャラリースペース"",""paragraphs"":[""店内にあるギャラリースペースには陶芸作品を中心に木工、布小物など様々な作品を展示販売している。オーナー自ら足を運び作家と交流を深め作家の気持ちに常に寄り添いながら展示を進めている。一年を通じて個展や企画展を開催し人と人のつながりを大切にしたいという想いと誰にとっても温かい場所になってほしいとの願いを込めて、「ぬくとい」「ぬくい」という言葉から、『温々（ぬくぬく）』という言葉をお店の名前に決めたそうだ。""]},{""heading"":""敷地内のお店では"",""paragraphs"":[""広い雑木林の中にはカフェ＆ギャラリー温々の他にも昔ながらの食材を扱っているフェアトレードのお店「かぎろひ」、アロマリラクゼーションルームの「Amara」がある。温々で提供しているパンは天然酵母パンの「ざぱん」とスイーツは手作りお菓子「te.to.te」のケーキが楽しめる。四季を通じて見沼の景色の移ろいを眺めながらゆったりとした時間を過ごせます。お買い物やリフレッシュの機会にぜひ訪れてみてください。""]}]",981,https://artscouncil-saitama.jp/wp-content/uploads/2024/11/%E3%82%A2%E3%82%BB%E3%83%83%E3%83%88-1-11-1280x720.jpg,"[{""role"":""eyecatch"",""url"":""https://artscouncil-saitama.jp/wp-content/uploads/2024/11/%E3%82%A2%E3%82%BB%E3%83%83%E3%83%88-1-11-1280x720.jpg"",""alt"":"""",""width"":null,""height"":null,""local_path"":""images/ACS0004/01-eyecatch.webp"",""webp_width"":1280,""webp_height"":720,""source_bytes"":1572894,""webp_bytes"":317210,""download_status"":""取得済み"",""download_error"":""""},{""role"":""body"",""url"":""https://artscouncil-saitama.jp/wp-content/uploads/2024/11/%E3%82%A2%E3%82%BB%E3%83%83%E3%83%88-2-10.jpg"",""alt"":"""",""width"":1280,""height"":854,""local_path"":""images/ACS0004/02-body.webp"",""webp_width"":1280,""webp_height"":854,""source_bytes"":2347574,""webp_bytes"":123570,""download_status"":""取得済み"",""download_error"":""""},{""role"":""body"",""url"":""https://artscouncil-saitama.jp/wp-content/uploads/2024/11/%E3%82%A2%E3%82%BB%E3%83%83%E3%83%88-3-11.jpg"",""alt"":"""",""width"":1280,""height"":854,""local_path"":""images/ACS0004/03-body.webp"",""webp_width"":1280,""webp_height"":854,""source_bytes"":2095400,""webp_bytes"":153762,""download_status"":""取得済み"",""download_error"":""""}]",3,"{""住所"":""さいたま市見沼区丸ケ崎1856"",""電話番号"":""048－686－3620"",""店長"":""萩原 和人"",""HP/SNS"":""ウェブサイト\nFacebook""}",さいたま市見沼区丸ケ崎1856,048－686－3620,店長: 萩原 和人,"ウェブサイト
Facebook",2024-11-13T10:00:00,2025-02-20T00:40:04,https://artscouncil-saitama.jp/library/survey/cafe-nukunuku/,2026-08-02,取得済み,,著作物（オープンデータ対象外）,© Saitama City Cultural Promotion Foundation / アーツカウンシルさいたま,公式サイトの著作権表示・利用条件に従うこと。オープンデータCSVとは分離して利用する。,images/ACS0004/01-eyecatch.webp,3,594542
5,ACS0005,750,minakaze,カフェギャラリー南風,沖縄文化と未来を担う子どもたちを守る蔵の家,令和3年度,オーナーのちづこさんは石垣島に生まれて那覇市で育つ。結婚を機に埼玉の大宮に住むようになる。そして、こちらで学習塾を開き、後に45教室の統括責任者となる。この時から子ども達と関わることがとても好きだった。ちづこさんのお父様は、人間国宝である金城次郎のコレクションを集められていた。お父様亡きあとはちづこさんが受け継ぎ、今もカフェギャラリー南風に保管されている。金…,"きっかけ
オーナーのちづこさんは石垣島に生まれて那覇市で育つ。結婚を機に埼玉の大宮に住むようになる。そして、こちらで学習塾を開き、後に45教室の統括責任者となる。この時から子ども達と関わることがとても好きだった。ちづこさんのお父様は、人間国宝である金城次郎のコレクションを集められていた。お父様亡きあとはちづこさんが受け継ぎ、今もカフェギャラリー南風に保管されている。金城次郎の作品を所持していたこともあり、その他の作家の作品も鑑賞しながら購入できるギャラリーを始める。ギャラリーを始めるにあたりホッと一息できるリラックスできる空間を作るために、沖縄文化を取り入れた現在の大宮氷川店カフェギャラリー南風をオープン。その後、大宮区から中央区へ住居を引っ越す際、できれば古民家のような家を希望して今の場所と出会い与野本町店もオープンする。与野本町店では、お茶と沖縄料理をランチとして楽しみながら気軽に参加できる「カルチャー教室」も行われている。（手話、歌声、オカリナ、ウクレレ、コーラス、フレッシュ体操、編み物、詩を楽しむ会、スマホ、パソコン、三線、講談と笑いヨガなど）「カルチャー教室は、それぞれ行われている何かを楽しみに来るのはもちろんのことだが、このカルチャー教室で出会える人たち同士の交流の場にして誰かと会話する楽しさも楽しんでもらえたら嬉しい」とおっしゃっていた。

子ども食堂と未来を紡ぐ
2020年、コロナ禍になり大打撃を受ける。緊急事態宣言も出てお店を開くことができず、お店を閉めようとさえ考えた。しかし閉めるくらいなら、貧困に苦しむ子どもたちを支援したいと2020年7月から子ども食堂を始めた。（子ども食堂とは、月2回子どもたちへ無償でお弁当を提供する活動のこと）
お弁当を作る人はボランティアで募り、地域の人や企業の方から食料品を提供されることによって、子ども食堂を続けていくことが今もなお、できている。また、この子ども食堂は多くの方に支援してもらえるよう「みな風子ども食堂サポーター会員」を募集し、運営を行なっている。子ども食堂は苦しい時にはじめたけれど、沢山の人が応援して支えてくれたからこそ今でも続けていけるのだという。互いに助け合い、多くの子ども達が笑顔に元気に過ごせる未来に、少しでも力になれる場所でいたいという想いが詰まった場所になった。","[{""heading"":""きっかけ"",""paragraphs"":[""オーナーのちづこさんは石垣島に生まれて那覇市で育つ。結婚を機に埼玉の大宮に住むようになる。そして、こちらで学習塾を開き、後に45教室の統括責任者となる。この時から子ども達と関わることがとても好きだった。ちづこさんのお父様は、人間国宝である金城次郎のコレクションを集められていた。お父様亡きあとはちづこさんが受け継ぎ、今もカフェギャラリー南風に保管されている。金城次郎の作品を所持していたこともあり、その他の作家の作品も鑑賞しながら購入できるギャラリーを始める。ギャラリーを始めるにあたりホッと一息できるリラックスできる空間を作るために、沖縄文化を取り入れた現在の大宮氷川店カフェギャラリー南風をオープン。その後、大宮区から中央区へ住居を引っ越す際、できれば古民家のような家を希望して今の場所と出会い与野本町店もオープンする。与野本町店では、お茶と沖縄料理をランチとして楽しみながら気軽に参加できる「カルチャー教室」も行われている。（手話、歌声、オカリナ、ウクレレ、コーラス、フレッシュ体操、編み物、詩を楽しむ会、スマホ、パソコン、三線、講談と笑いヨガなど）「カルチャー教室は、それぞれ行われている何かを楽しみに来るのはもちろんのことだが、このカルチャー教室で出会える人たち同士の交流の場にして誰かと会話する楽しさも楽しんでもらえたら嬉しい」とおっしゃっていた。""]},{""heading"":""子ども食堂と未来を紡ぐ"",""paragraphs"":[""2020年、コロナ禍になり大打撃を受ける。緊急事態宣言も出てお店を開くことができず、お店を閉めようとさえ考えた。しかし閉めるくらいなら、貧困に苦しむ子どもたちを支援したいと2020年7月から子ども食堂を始めた。（子ども食堂とは、月2回子どもたちへ無償でお弁当を提供する活動のこと）"",""お弁当を作る人はボランティアで募り、地域の人や企業の方から食料品を提供されることによって、子ども食堂を続けていくことが今もなお、できている。また、この子ども食堂は多くの方に支援してもらえるよう「みな風子ども食堂サポーター会員」を募集し、運営を行なっている。子ども食堂は苦しい時にはじめたけれど、沢山の人が応援して支えてくれたからこそ今でも続けていけるのだという。互いに助け合い、多くの子ども達が笑顔に元気に過ごせる未来に、少しでも力になれる場所でいたいという想いが詰まった場所になった。""]}]",983,https://artscouncil-saitama.jp/wp-content/uploads/2024/11/%E3%82%A2%E3%82%BB%E3%83%83%E3%83%88-1-15-1280x720.jpg,"[{""role"":""eyecatch"",""url"":""https://artscouncil-saitama.jp/wp-content/uploads/2024/11/%E3%82%A2%E3%82%BB%E3%83%83%E3%83%88-1-15-1280x720.jpg"",""alt"":"""",""width"":null,""height"":null,""local_path"":""images/ACS0005/01-eyecatch.webp"",""webp_width"":1280,""webp_height"":720,""source_bytes"":1151498,""webp_bytes"":108422,""download_status"":""取得済み"",""download_error"":""""},{""role"":""body"",""url"":""https://artscouncil-saitama.jp/wp-content/uploads/2024/11/%E3%82%A2%E3%82%BB%E3%83%83%E3%83%88-2-14.jpg"",""alt"":"""",""width"":1280,""height"":854,""local_path"":""images/ACS0005/02-body.webp"",""webp_width"":1280,""webp_height"":854,""source_bytes"":2029225,""webp_bytes"":143536,""download_status"":""取得済み"",""download_error"":""""},{""role"":""body"",""url"":""https://artscouncil-saitama.jp/wp-content/uploads/2024/11/%E3%82%A2%E3%82%BB%E3%83%83%E3%83%88-3-15.jpg"",""alt"":"""",""width"":1280,""height"":854,""local_path"":""images/ACS0005/03-body.webp"",""webp_width"":1280,""webp_height"":854,""source_bytes"":1796079,""webp_bytes"":107706,""download_status"":""取得済み"",""download_error"":""""}]",3,"{""住所"":""さいたま市中央区本町東4-9-8"",""電話番号"":""048-764-8850"",""代表"":""山田 ちづこ"",""HP/SNS"":""ウェブサイト""}",さいたま市中央区本町東4-9-8,048-764-8850,代表: 山田 ちづこ,ウェブサイト,2024-11-17T10:00:00,2025-02-02T20:57:33,https://artscouncil-saitama.jp/library/survey/minakaze/,2026-08-02,取得済み,,著作物（オープンデータ対象外）,© Saitama City Cultural Promotion Foundation / アーツカウンシルさいたま,公式サイトの著作権表示・利用条件に従うこと。オープンデータCSVとは分離して利用する。,images/ACS0005/01-eyecatch.webp,3,359664
6,ACS0006,747,baobab,カフェレストランBAOBAB,アート作品を楽しみながら「安全・安心な地元食材」で「元気」を提供する秘密基地,令和3年度,オーナーの田中智康さん（48歳）は学生時代、記者を目指して勉強していたそうです。そんな彼が卒業後、生まれ育った桜区で、地域の方々に美味しいものを提供して喜んでもらいたいという思いにめざめてしまい、2002年4月20日お店を開店しました。そんな彼が、お子さんのアトピー性皮膚炎のつらさを家族で経験し、環境問題との親密な関係に気が付きよい食事を提供することにめざめ…,"オープンのきっかけ、経緯は？
オーナーの田中智康さん（48歳）は学生時代、記者を目指して勉強していたそうです。そんな彼が卒業後、生まれ育った桜区で、地域の方々に美味しいものを提供して喜んでもらいたいという思いにめざめてしまい、2002年4月20日お店を開店しました。そんな彼が、お子さんのアトピー性皮膚炎のつらさを家族で経験し、環境問題との親密な関係に気が付きよい食事を提供することにめざめ、日々安心・安全なメニューの開発に邁進、地元埼玉の小江戸黒豚や天然エゾ鹿、地元のおいしい野菜に出会い、おいしいメニューは進化し続けています。

どんな場所なの？
与野本町駅からバスで13分、徒歩3分のところにあるかわいい一軒家のお店。桜区では数少ない個人経営で、安心・安全で美味しい肉料理や有機栽培の珈琲豆にこだわった地域に愛されている素敵なお店です。

アートとの繋がりと未来展望は？
アートとの繋がりが特に強くなったのは2020年。鈴木知佐子（ちーちゃん）の熱い思いから「勝手に埼玉国際芸術祭」をバオバブさんで開催したのが始まりで「※バオバブファンド（ＢAＦ）」を設立。店内では常に、何人もの作家さんの作品を鑑賞することができます。これからもオーナー（田中さん）とちーちゃん（鈴木さん）が、がっちりタッグを組みながら、バオバブアートが前に進んでいくと確信しました。
※ＢAＦは、作品の売上の10％をファンドに入れて、若手アーティストの支援に当てています。","[{""heading"":""オープンのきっかけ、経緯は？"",""paragraphs"":[""オーナーの田中智康さん（48歳）は学生時代、記者を目指して勉強していたそうです。そんな彼が卒業後、生まれ育った桜区で、地域の方々に美味しいものを提供して喜んでもらいたいという思いにめざめてしまい、2002年4月20日お店を開店しました。そんな彼が、お子さんのアトピー性皮膚炎のつらさを家族で経験し、環境問題との親密な関係に気が付きよい食事を提供することにめざめ、日々安心・安全なメニューの開発に邁進、地元埼玉の小江戸黒豚や天然エゾ鹿、地元のおいしい野菜に出会い、おいしいメニューは進化し続けています。""]},{""heading"":""どんな場所なの？"",""paragraphs"":[""与野本町駅からバスで13分、徒歩3分のところにあるかわいい一軒家のお店。桜区では数少ない個人経営で、安心・安全で美味しい肉料理や有機栽培の珈琲豆にこだわった地域に愛されている素敵なお店です。""]},{""heading"":""アートとの繋がりと未来展望は？"",""paragraphs"":[""アートとの繋がりが特に強くなったのは2020年。鈴木知佐子（ちーちゃん）の熱い思いから「勝手に埼玉国際芸術祭」をバオバブさんで開催したのが始まりで「※バオバブファンド（ＢAＦ）」を設立。店内では常に、何人もの作家さんの作品を鑑賞することができます。これからもオーナー（田中さん）とちーちゃん（鈴木さん）が、がっちりタッグを組みながら、バオバブアートが前に進んでいくと確信しました。"",""※ＢAＦは、作品の売上の10％をファンドに入れて、若手アーティストの支援に当てています。""]}]",624,https://artscouncil-saitama.jp/wp-content/uploads/2024/11/asset-5-2-1280x720.jpg,"[{""role"":""eyecatch"",""url"":""https://artscouncil-saitama.jp/wp-content/uploads/2024/11/asset-5-2-1280x720.jpg"",""alt"":"""",""width"":null,""height"":null,""local_path"":""images/ACS0006/01-eyecatch.webp"",""webp_width"":1280,""webp_height"":720,""source_bytes"":1218397,""webp_bytes"":128144,""download_status"":""取得済み"",""download_error"":""""},{""role"":""body"",""url"":""https://artscouncil-saitama.jp/wp-content/uploads/2024/11/asset-4-2.jpg"",""alt"":"""",""width"":1280,""height"":854,""local_path"":""images/ACS0006/02-body.webp"",""webp_width"":1280,""webp_height"":854,""source_bytes"":2214983,""webp_bytes"":141632,""download_status"":""取得済み"",""download_error"":""""},{""role"":""body"",""url"":""https://artscouncil-saitama.jp/wp-content/uploads/2024/11/asset-3-18.jpg"",""alt"":"""",""width"":1280,""height"":854,""local_path"":""images/ACS0006/03-body.webp"",""webp_width"":1280,""webp_height"":854,""source_bytes"":1972682,""webp_bytes"":119630,""download_status"":""取得済み"",""download_error"":""""},{""role"":""body"",""url"":""https://artscouncil-saitama.jp/wp-content/uploads/2024/11/asset-2-17.jpg"",""alt"":"""",""width"":1280,""height"":634,""local_path"":""images/ACS0006/04-body.webp"",""webp_width"":1280,""webp_height"":634,""source_bytes"":1493287,""webp_bytes"":62054,""download_status"":""取得済み"",""download_error"":""""},{""role"":""body"",""url"":""https://artscouncil-saitama.jp/wp-content/uploads/2024/11/asset-1-18.jpg"",""alt"":"""",""width"":1280,""height"":871,""local_path"":""images/ACS0006/05-body.webp"",""webp_width"":1280,""webp_height"":871,""source_bytes"":1751242,""webp_bytes"":68888,""download_status"":""取得済み"",""download_error"":""""}]",5,"{""住所"":""さいたま市桜区白鍬269-3"",""電話番号"":""048-855-8021"",""代表"":""田中 智康"",""HP/SNS"":""https://tsuku2.jp/baobab\nhttp://www.baobab-lohas.com/\nFacebook\nInstagram""}",さいたま市桜区白鍬269-3,048-855-8021,代表: 田中 智康,"https://tsuku2.jp/baobab
http://www.baobab-lohas.com/
Facebook
Instagram",2024-11-20T10:00:00,2025-02-20T00:40:38,https://artscouncil-saitama.jp/library/survey/baobab/,2026-08-02,取得済み,,著作物（オープンデータ対象外）,© Saitama City Cultural Promotion Foundation / アーツカウンシルさいたま,公式サイトの著作権表示・利用条件に従うこと。オープンデータCSVとは分離して利用する。,images/ACS0006/01-eyecatch.webp,5,520348
7,ACS0007,744,gallery-pepin,Gallery Pepin,「アートが日常にある」を叶えるギャラリー,令和3年度,小林さんは、大学生の頃から画廊に勤める「ギャラリスト」であった。そのため、いずれは地元の埼玉でギャラリーを開きたいと思っていた。「都内でなければ観られない」ものを埼玉でも楽しめるようにしたい、という思いもあった。その夢をPepin を開くことによって実現させた。,"ギャラリーを浦和で開いた理由
小林さんは、大学生の頃から画廊に勤める「ギャラリスト」であった。そのため、いずれは地元の埼玉でギャラリーを開きたいと思っていた。「都内でなければ観られない」ものを埼玉でも楽しめるようにしたい、という思いもあった。その夢をPepin を開くことによって実現させた。
埼玉の中でも東浦和にギャラリーを開いたのは、自宅が位置する身近な地であることと、浦和はアートで繋がれる場所が数多く、しかもそれが広がっている土地柄だということが大きな理由だ。

どのような活動をしているのか
「質は高く、敷居は低く」をモットーに、日常にアートがある場を実現している。アーティストはもちろん、さいたま国際芸術祭のサポーターや地元の子どもたちも来廊する。また、ギャラリー外でも他のお店や団体などと提携して、「アーティストとはなそう」をはじめとした異業種・異分野交流会なども企画実施している。
アーティストの生き方を多くの人に知ってもらい、アーティストが胸を張って生きられるような世の中を目指している。

アートとは
「人の営み」であると考えている。アートとは、アーティストのものに限らず、全ての人のもの。一般的な「アートはおしゃれなもの」というイメージとは少し違う。
アートは、切りとり方や見方によって感じ方が異なるものであり、技術などを観る美術品とは区別されるものであると考える。

どのような場・施設があると良いか
街を知るためには、まずその街の人々を知る必要があり、人々と接する機会があるとよい。
例えば、「今週はこの人がいます」というように、その場所に足を運べば、いつでもその人（アーティスト）と話せる場所があるとよい。Pepinはそれを目指している。
また、旧中山道にある設備機器の側面を活用した子どもたちの絵画作品の展示がとても良いと感じているが、その取り組みを知らない人に、その存在や目的が周知されるきっかけがあればよいと考えている。","[{""heading"":""ギャラリーを浦和で開いた理由"",""paragraphs"":[""小林さんは、大学生の頃から画廊に勤める「ギャラリスト」であった。そのため、いずれは地元の埼玉でギャラリーを開きたいと思っていた。「都内でなければ観られない」ものを埼玉でも楽しめるようにしたい、という思いもあった。その夢をPepin を開くことによって実現させた。"",""埼玉の中でも東浦和にギャラリーを開いたのは、自宅が位置する身近な地であることと、浦和はアートで繋がれる場所が数多く、しかもそれが広がっている土地柄だということが大きな理由だ。""]},{""heading"":""どのような活動をしているのか"",""paragraphs"":[""「質は高く、敷居は低く」をモットーに、日常にアートがある場を実現している。アーティストはもちろん、さいたま国際芸術祭のサポーターや地元の子どもたちも来廊する。また、ギャラリー外でも他のお店や団体などと提携して、「アーティストとはなそう」をはじめとした異業種・異分野交流会なども企画実施している。"",""アーティストの生き方を多くの人に知ってもらい、アーティストが胸を張って生きられるような世の中を目指している。""]},{""heading"":""アートとは"",""paragraphs"":[""「人の営み」であると考えている。アートとは、アーティストのものに限らず、全ての人のもの。一般的な「アートはおしゃれなもの」というイメージとは少し違う。"",""アートは、切りとり方や見方によって感じ方が異なるものであり、技術などを観る美術品とは区別されるものであると考える。""]},{""heading"":""どのような場・施設があると良いか"",""paragraphs"":[""街を知るためには、まずその街の人々を知る必要があり、人々と接する機会があるとよい。"",""例えば、「今週はこの人がいます」というように、その場所に足を運べば、いつでもその人（アーティスト）と話せる場所があるとよい。Pepinはそれを目指している。"",""また、旧中山道にある設備機器の側面を活用した子どもたちの絵画作品の展示がとても良いと感じているが、その取り組みを知らない人に、その存在や目的が周知されるきっかけがあればよいと考えている。""]}]",827,https://artscouncil-saitama.jp/wp-content/uploads/2024/11/asset-1-20-1280x720.jpg,"[{""role"":""eyecatch"",""url"":""https://artscouncil-saitama.jp/wp-content/uploads/2024/11/asset-1-20-1280x720.jpg"",""alt"":"""",""width"":null,""height"":null,""local_path"":""images/ACS0007/01-eyecatch.webp"",""webp_width"":1280,""webp_height"":720,""source_bytes"":908075,""webp_bytes"":65472,""download_status"":""取得済み"",""download_error"":""""},{""role"":""body"",""url"":""https://artscouncil-saitama.jp/wp-content/uploads/2024/11/asset-2-19-415x590.jpg"",""alt"":"""",""width"":415,""height"":590,""local_path"":""images/ACS0007/02-body.webp"",""webp_width"":415,""webp_height"":590,""source_bytes"":717056,""webp_bytes"":33608,""download_status"":""取得済み"",""download_error"":""""}]",2,"{""住所"":""さいたま市緑区大牧1470-10"",""電話番号"":""090-9955-4275"",""代表"":""小林 優佳"",""HP/SNS"":""ウェブサイト\nFacebook\nInstagram\nX""}",さいたま市緑区大牧1470-10,090-9955-4275,代表: 小林 優佳,"ウェブサイト
Facebook
Instagram
X",2024-11-23T10:00:00,2025-02-02T22:05:58,https://artscouncil-saitama.jp/library/survey/gallery-pepin/,2026-08-02,取得済み,,著作物（オープンデータ対象外）,© Saitama City Cultural Promotion Foundation / アーツカウンシルさいたま,公式サイトの著作権表示・利用条件に従うこと。オープンデータCSVとは分離して利用する。,images/ACS0007/01-eyecatch.webp,2,99080
8,ACS0008,743,sakitcho,靴下と生活雑貨のお店「さきっちょ」,足元を見つめ直すきっかけを与える交流の場,令和3年度,北国で育ったことから歩くことに慎重であり、日頃から足元に対して関心を抱いていた。そこからデザインの仕事や靴下に関するネットショップをやっていく中で、お客様に直接手に取って納得して買ってもらいたいという思いでお店を開いた。浦和にお店を開いたのは、父親と息子がサッカーの試合を頻繁に見に行き始めたことがきっかけ、とのこと。,"オープンのきっかけ、経緯
北国で育ったことから歩くことに慎重であり、日頃から足元に対して関心を抱いていた。そこからデザインの仕事や靴下に関するネットショップをやっていく中で、お客様に直接手に取って納得して買ってもらいたいという思いでお店を開いた。浦和にお店を開いたのは、父親と息子がサッカーの試合を頻繁に見に行き始めたことがきっかけ、とのこと。

どのような活動をしているのか
１階が靴下や雑貨のセレクトショップ、２階が手作り靴の専門学校とギャラリースペースとなっており、「歩く」をひとつの目的としたサービスを提供している。
ギャラリースペースは、地域の方が自由に利用できることを目的に貸し出している。建物の外観が船の舳先に似ていることから、借りる人たちの活動を後押しする門出の場のようなストーリー性のある空間となっている。

どのような場・施設があるとよいか
場所を問わず移動販売を展開するまち。お店同士が連携し、多様化した移動販売を行うことでにぎやかなまちになる。そういったことからサッカーとしての印象に限らず、まちにアートが溶け込むにぎやかな場所になるのではないか。

今後の展望は？
さきっちょでは靴下の販売に加え、足に関するサービスを行っている。現在は自分だけのオリジナルの靴を作れる手作り靴のサービスを予定している。雑貨の販売だけに限らず、足元を見つめ直すきっかけがたくさん置いてあるお店にしていきたい、とのこと。","[{""heading"":""オープンのきっかけ、経緯"",""paragraphs"":[""北国で育ったことから歩くことに慎重であり、日頃から足元に対して関心を抱いていた。そこからデザインの仕事や靴下に関するネットショップをやっていく中で、お客様に直接手に取って納得して買ってもらいたいという思いでお店を開いた。浦和にお店を開いたのは、父親と息子がサッカーの試合を頻繁に見に行き始めたことがきっかけ、とのこと。""]},{""heading"":""どのような活動をしているのか"",""paragraphs"":[""１階が靴下や雑貨のセレクトショップ、２階が手作り靴の専門学校とギャラリースペースとなっており、「歩く」をひとつの目的としたサービスを提供している。"",""ギャラリースペースは、地域の方が自由に利用できることを目的に貸し出している。建物の外観が船の舳先に似ていることから、借りる人たちの活動を後押しする門出の場のようなストーリー性のある空間となっている。""]},{""heading"":""どのような場・施設があるとよいか"",""paragraphs"":[""場所を問わず移動販売を展開するまち。お店同士が連携し、多様化した移動販売を行うことでにぎやかなまちになる。そういったことからサッカーとしての印象に限らず、まちにアートが溶け込むにぎやかな場所になるのではないか。""]},{""heading"":""今後の展望は？"",""paragraphs"":[""さきっちょでは靴下の販売に加え、足に関するサービスを行っている。現在は自分だけのオリジナルの靴を作れる手作り靴のサービスを予定している。雑貨の販売だけに限らず、足元を見つめ直すきっかけがたくさん置いてあるお店にしていきたい、とのこと。""]}]",613,https://artscouncil-saitama.jp/wp-content/uploads/2024/11/asset-1-21-1280x720.jpg,"[{""role"":""eyecatch"",""url"":""https://artscouncil-saitama.jp/wp-content/uploads/2024/11/asset-1-21-1280x720.jpg"",""alt"":"""",""width"":null,""height"":null,""local_path"":""images/ACS0008/01-eyecatch.webp"",""webp_width"":1280,""webp_height"":720,""source_bytes"":1161180,""webp_bytes"":123246,""download_status"":""取得済み"",""download_error"":""""},{""role"":""body"",""url"":""https://artscouncil-saitama.jp/wp-content/uploads/2024/11/asset-2-20-415x590.jpg"",""alt"":"""",""width"":415,""height"":590,""local_path"":""images/ACS0008/02-body.webp"",""webp_width"":415,""webp_height"":590,""source_bytes"":721599,""webp_bytes"":29490,""download_status"":""取得済み"",""download_error"":""""},{""role"":""body"",""url"":""https://artscouncil-saitama.jp/wp-content/uploads/2024/11/asset-3-20.jpg"",""alt"":"""",""width"":1280,""height"":738,""local_path"":""images/ACS0008/03-body.webp"",""webp_width"":1280,""webp_height"":738,""source_bytes"":2083282,""webp_bytes"":132034,""download_status"":""取得済み"",""download_error"":""""}]",3,"{""住所"":""さいたま市浦和区岸町4丁目20-15 レインボーつきのみや1F"",""電話番号"":""048-789-7640"",""代表"":""越野 陽子"",""HP/SNS"":""ウェブサイト\nFacebook\nIinstagram""}",さいたま市浦和区岸町4丁目20-15 レインボーつきのみや1F,048-789-7640,代表: 越野 陽子,"ウェブサイト
Facebook
Iinstagram",2024-11-24T10:00:00,2025-02-20T00:42:15,https://artscouncil-saitama.jp/library/survey/sakitcho/,2026-08-02,取得済み,,著作物（オープンデータ対象外）,© Saitama City Cultural Promotion Foundation / アーツカウンシルさいたま,公式サイトの著作権表示・利用条件に従うこと。オープンデータCSVとは分離して利用する。,images/ACS0008/01-eyecatch.webp,3,284770
9,ACS0009,755,fuga,クラフト＆ギャラリー風画,縄文土器の奥深さを感じ、若きアーティストが活躍できる場所,令和3年度,お店の周辺には大宮花の丘農林公苑がそばにあり、自然多いところにお店が佇んでいる。ここはオーナーである井出さんのご自宅でもある。遠方から来店できるように、駐車場は５台停めることが可能。,"外観・内装
お店の周辺には大宮花の丘農林公苑がそばにあり、自然多いところにお店が佇んでいる。ここはオーナーである井出さんのご自宅でもある。遠方から来店できるように、駐車場は５台停めることが可能。
お店の中に入ると明るく、木の温もりを感じる空間が広がっていた。入り口を背にして左側には、作家さんが制作している作品が販売されている。どの作品も手作り。ここの場所に訪れたときには、来た人の心に刺さる「何か」が反応して、あなたにピッタリなものと巡り合えるかもしれない。

縄文土器との出会い
井出さんが43歳の時に、初めて遺跡の発掘調査に参加して「縄文土器」と出会った。それまでは、ご自身も元々水彩画を描く画家として活躍。（カフェスペースの壁に展示中）
初めて参加した発掘調査で、縄文土器の材料である「粘土」の奥深さと、縄文土器を制作研究。
研究を続けていくことで見えてくる縄文時代の文化と時代背景も判明してくることがわかり、縄文土器の面白さと探求する楽しさを感じられた井出さんは、考古学を学ばれた。

縄文土器の奥深さ
井出さんは、地域を埼玉に絞り縄文土器を研究することになる。焼き上がり加減や焼いている時に生じる焼き割れを比較するために漏水実験を行って分析し、合わせて煮沸実験も行い耐久性も調査した。
これらの研究を進めることによって、土器の成り立ちだけを知るのではなく、縄文時代の人たちが過ごしてきた生活行動も知ることにつながることがわかった。
そしてお店にあるギャラリースペースでは、毎年夏に復元制作した縄文土器の展覧会を開催している。

人と人とのつながり
カフェスペースでは、ドリンクも飲むことができて、さらに貸しギャラリーも行っている。
こちらのギャラリーは、「１度も個展を開いたことがない作家さん、駆け出しの作家さんにとって作家さんの作品を活かし生きる場所として応援していきたい」と話されていた。作家さん、来店されたお客様、そして井出さんご夫婦。それぞれの「ご縁」がめぐり巡って繋がれていく場所。人と人との「つながり」を感じる場所だからこそ、心温まる空間がこのクラフト＆ギャラリー風画にあった。","[{""heading"":""外観・内装"",""paragraphs"":[""お店の周辺には大宮花の丘農林公苑がそばにあり、自然多いところにお店が佇んでいる。ここはオーナーである井出さんのご自宅でもある。遠方から来店できるように、駐車場は５台停めることが可能。"",""お店の中に入ると明るく、木の温もりを感じる空間が広がっていた。入り口を背にして左側には、作家さんが制作している作品が販売されている。どの作品も手作り。ここの場所に訪れたときには、来た人の心に刺さる「何か」が反応して、あなたにピッタリなものと巡り合えるかもしれない。""]},{""heading"":""縄文土器との出会い"",""paragraphs"":[""井出さんが43歳の時に、初めて遺跡の発掘調査に参加して「縄文土器」と出会った。それまでは、ご自身も元々水彩画を描く画家として活躍。（カフェスペースの壁に展示中）"",""初めて参加した発掘調査で、縄文土器の材料である「粘土」の奥深さと、縄文土器を制作研究。"",""研究を続けていくことで見えてくる縄文時代の文化と時代背景も判明してくることがわかり、縄文土器の面白さと探求する楽しさを感じられた井出さんは、考古学を学ばれた。""]},{""heading"":""縄文土器の奥深さ"",""paragraphs"":[""井出さんは、地域を埼玉に絞り縄文土器を研究することになる。焼き上がり加減や焼いている時に生じる焼き割れを比較するために漏水実験を行って分析し、合わせて煮沸実験も行い耐久性も調査した。"",""これらの研究を進めることによって、土器の成り立ちだけを知るのではなく、縄文時代の人たちが過ごしてきた生活行動も知ることにつながることがわかった。"",""そしてお店にあるギャラリースペースでは、毎年夏に復元制作した縄文土器の展覧会を開催している。""]},{""heading"":""人と人とのつながり"",""paragraphs"":[""カフェスペースでは、ドリンクも飲むことができて、さらに貸しギャラリーも行っている。"",""こちらのギャラリーは、「１度も個展を開いたことがない作家さん、駆け出しの作家さんにとって作家さんの作品を活かし生きる場所として応援していきたい」と話されていた。作家さん、来店されたお客様、そして井出さんご夫婦。それぞれの「ご縁」がめぐり巡って繋がれていく場所。人と人との「つながり」を感じる場所だからこそ、心温まる空間がこのクラフト＆ギャラリー風画にあった。""]}]",901,https://artscouncil-saitama.jp/wp-content/uploads/2024/11/%E3%82%A2%E3%82%BB%E3%83%83%E3%83%88-1-10-1280x720.jpg,"[{""role"":""eyecatch"",""url"":""https://artscouncil-saitama.jp/wp-content/uploads/2024/11/%E3%82%A2%E3%82%BB%E3%83%83%E3%83%88-1-10-1280x720.jpg"",""alt"":"""",""width"":null,""height"":null,""local_path"":""images/ACS0009/01-eyecatch.webp"",""webp_width"":1280,""webp_height"":720,""source_bytes"":1086606,""webp_bytes"":116534,""download_status"":""取得済み"",""download_error"":""""},{""role"":""body"",""url"":""https://artscouncil-saitama.jp/wp-content/uploads/2024/11/%E3%82%A2%E3%82%BB%E3%83%83%E3%83%88-2-9.jpg"",""alt"":"""",""width"":1280,""height"":854,""local_path"":""images/ACS0009/02-body.webp"",""webp_width"":1280,""webp_height"":854,""source_bytes"":1983171,""webp_bytes"":172070,""download_status"":""取得済み"",""download_error"":""""},{""role"":""body"",""url"":""https://artscouncil-saitama.jp/wp-content/uploads/2024/11/%E3%82%A2%E3%82%BB%E3%83%83%E3%83%88-3-10.jpg"",""alt"":"""",""width"":1280,""height"":853,""local_path"":""images/ACS0009/03-body.webp"",""webp_width"":1280,""webp_height"":853,""source_bytes"":1906695,""webp_bytes"":140946,""download_status"":""取得済み"",""download_error"":""""}]",3,"{""住所"":""さいたま市西区内野本郷971-6"",""電話番号"":""048-625-0521"",""代表"":""井出 政男""}",さいたま市西区内野本郷971-6,048-625-0521,代表: 井出 政男,,2024-11-12T10:00:00,2025-01-24T17:50:21,https://artscouncil-saitama.jp/library/survey/fuga/,2026-08-02,取得済み,,著作物（オープンデータ対象外）,© Saitama City Cultural Promotion Foundation / アーツカウンシルさいたま,公式サイトの著作権表示・利用条件に従うこと。オープンデータCSVとは分離して利用する。,images/ACS0009/01-eyecatch.webp,3,429550
10,ACS0010,749,shibafu-house,しばふハウス,「屋内版公園」まさかの無料！0歳から誰でも来られる「育児を街ぐるみで」がコンセプトの居場所,令和3年度,代表の三尾さんは、元々ITベンチャーに勤めていたとき、働きながら児童養護施設の支援を行うNPOにボランティアとして関わった。それをきっかけに「出産・育児・家事とお母さんの負担を減らす支援をまちぐるみでできたら」と考えるように。子供や母親について学ぼうと学習塾で2年間働く中、子供たちの表情の変化が面白い、天職だ！と感じられた。そんな訳で、しばふハウスは「子供も…,"どうしてはじめようと思ったの？
代表の三尾さんは、元々ITベンチャーに勤めていたとき、働きながら児童養護施設の支援を行うNPOにボランティアとして関わった。それをきっかけに「出産・育児・家事とお母さんの負担を減らす支援をまちぐるみでできたら」と考えるように。子供や母親について学ぼうと学習塾で2年間働く中、子供たちの表情の変化が面白い、天職だ！と感じられた。そんな訳で、しばふハウスは「子供も楽しめるし、母親も楽できる」場として2016年9月にオープンした。

どんな場所なの？ 運営は？
元お蕎麦屋さんだった所を借りている。子供たちと一緒に壁塗りをしたり、うさぎ小屋などを作ったりした。家具や備品なども基本的に全てもらい物。嬉しい循環が起こっている。「お互いさま」でがんばらなくていい空間にデザインしている。アシスタントの学生さんたちも全員ボランティア。子供たちもアシスタントも特に「役割」は与えられていないので自由にやりたいことをやっていい。それがクリエイティブ。運転資金は、三尾さんが経営する「表現する・伝える」のが目的の学習塾の売上で賄われている。

具体的にはどんなことが起こっている？
現在、０歳～中学生、高校生の子が来ている。 みんなで一緒に、ゲームをしたり、宿題をしたり、トランポリンをしたり。年上の子が年下の子を見てくれる。自主性が育って、自信がついているのでしょう、最近、近隣の中学校の生徒会に立候補した中学１年生の多くが「しばふハウス」に通っている子だったそう！また、子供たちが「屋台をやってみたい」ということで「やってみなよ」と、はす向かいの与野イオンさんに食材集めに行かせてみたり、ハロウィンイベントの協力をしてもらう店に一緒に訪問したり、子供たちと街とが繋がっている。

将来の展望は？
今後、さらに街と積極的に関わって行きたいし、子供たちにいろんな体験をしてもらいたいと、三尾さんは考えているそう。アートや音楽などの「いろんなハブになりたい」とのこと。母親層と子供たちが公式LINEで1,000㆟くらい登録しているので、告知することができる。例えば、子供連れのアートイベントを企画してコラボでプログラムを組む…など、色々なことが考えられそう。
自由でクリエイティブな空間がしばふハウスにはあって、この場所からどんな経験が生まれて、人財が育って行くのか、ワクワク ！","[{""heading"":""どうしてはじめようと思ったの？"",""paragraphs"":[""代表の三尾さんは、元々ITベンチャーに勤めていたとき、働きながら児童養護施設の支援を行うNPOにボランティアとして関わった。それをきっかけに「出産・育児・家事とお母さんの負担を減らす支援をまちぐるみでできたら」と考えるように。子供や母親について学ぼうと学習塾で2年間働く中、子供たちの表情の変化が面白い、天職だ！と感じられた。そんな訳で、しばふハウスは「子供も楽しめるし、母親も楽できる」場として2016年9月にオープンした。""]},{""heading"":""どんな場所なの？ 運営は？"",""paragraphs"":[""元お蕎麦屋さんだった所を借りている。子供たちと一緒に壁塗りをしたり、うさぎ小屋などを作ったりした。家具や備品なども基本的に全てもらい物。嬉しい循環が起こっている。「お互いさま」でがんばらなくていい空間にデザインしている。アシスタントの学生さんたちも全員ボランティア。子供たちもアシスタントも特に「役割」は与えられていないので自由にやりたいことをやっていい。それがクリエイティブ。運転資金は、三尾さんが経営する「表現する・伝える」のが目的の学習塾の売上で賄われている。""]},{""heading"":""具体的にはどんなことが起こっている？"",""paragraphs"":[""現在、０歳～中学生、高校生の子が来ている。 みんなで一緒に、ゲームをしたり、宿題をしたり、トランポリンをしたり。年上の子が年下の子を見てくれる。自主性が育って、自信がついているのでしょう、最近、近隣の中学校の生徒会に立候補した中学１年生の多くが「しばふハウス」に通っている子だったそう！また、子供たちが「屋台をやってみたい」ということで「やってみなよ」と、はす向かいの与野イオンさんに食材集めに行かせてみたり、ハロウィンイベントの協力をしてもらう店に一緒に訪問したり、子供たちと街とが繋がっている。""]},{""heading"":""将来の展望は？"",""paragraphs"":[""今後、さらに街と積極的に関わって行きたいし、子供たちにいろんな体験をしてもらいたいと、三尾さんは考えているそう。アートや音楽などの「いろんなハブになりたい」とのこと。母親層と子供たちが公式LINEで1,000㆟くらい登録しているので、告知することができる。例えば、子供連れのアートイベントを企画してコラボでプログラムを組む…など、色々なことが考えられそう。"",""自由でクリエイティブな空間がしばふハウスにはあって、この場所からどんな経験が生まれて、人財が育って行くのか、ワクワク ！""]}]",997,https://artscouncil-saitama.jp/wp-content/uploads/2024/11/%E3%82%A2%E3%82%BB%E3%83%83%E3%83%88-1-16-1280x720.jpg,"[{""role"":""eyecatch"",""url"":""https://artscouncil-saitama.jp/wp-content/uploads/2024/11/%E3%82%A2%E3%82%BB%E3%83%83%E3%83%88-1-16-1280x720.jpg"",""alt"":"""",""width"":null,""height"":null,""local_path"":""images/ACS0010/01-eyecatch.webp"",""webp_width"":1280,""webp_height"":720,""source_bytes"":1198873,""webp_bytes"":138400,""download_status"":""取得済み"",""download_error"":""""},{""role"":""body"",""url"":""https://artscouncil-saitama.jp/wp-content/uploads/2024/11/%E3%82%A2%E3%82%BB%E3%83%83%E3%83%88-2-15.jpg"",""alt"":"""",""width"":1280,""height"":854,""local_path"":""images/ACS0010/02-body.webp"",""webp_width"":1280,""webp_height"":854,""source_bytes"":1738256,""webp_bytes"":104832,""download_status"":""取得済み"",""download_error"":""""},{""role"":""body"",""url"":""https://artscouncil-saitama.jp/wp-content/uploads/2024/11/%E3%82%A2%E3%82%BB%E3%83%83%E3%83%88-3-16.jpg"",""alt"":"""",""width"":1280,""height"":853,""local_path"":""images/ACS0010/03-body.webp"",""webp_width"":1280,""webp_height"":853,""source_bytes"":1687840,""webp_bytes"":89888,""download_status"":""取得済み"",""download_error"":""""}]",3,"{""住所"":""さいたま市中央区上落合3-7-10"",""電話番号"":""048-762-9016 / 080-3551-8497"",""代表"":""三尾 新"",""HP/SNS"":""ウェブサイト\nFacebook\nInstagram\nLINE""}",さいたま市中央区上落合3-7-10,048-762-9016 / 080-3551-8497,代表: 三尾 新,"ウェブサイト
Facebook
Instagram
LINE",2024-11-18T10:00:00,2025-02-02T20:59:18,https://artscouncil-saitama.jp/library/survey/shibafu-house/,2026-08-02,取得済み,,著作物（オープンデータ対象外）,© Saitama City Cultural Promotion Foundation / アーツカウンシルさいたま,公式サイトの著作権表示・利用条件に従うこと。オープンデータCSVとは分離して利用する。,images/ACS0010/01-eyecatch.webp,3,333120
11,ACS0011,738,studio45,STUDIO・４５,お父さんへの想いが詰まった居心地の良い地元コミュニティの憩いの場,令和3年度,カメラマンのお父さんが運営していた写真撮影スタジオの「SUTDIO・４５」。オーナーの小泉さんは病床に倒れたお父さんと向かい合ううちに、アーティストでもあったお父さんの芸術について、また闘病中の父に自分は何をできたのかを考え、それまで興味のなかったアートと福祉に関心を持った。そしてうらわ美術館、東京都美術館企画展のボランティア、東京藝術大学の「アート×福祉」…,"お父さんへの想いが詰まった「SUTDIO・４５」
カメラマンのお父さんが運営していた写真撮影スタジオの「SUTDIO・４５」。オーナーの小泉さんは病床に倒れたお父さんと向かい合ううちに、アーティストでもあったお父さんの芸術について、また闘病中の父に自分は何をできたのかを考え、それまで興味のなかったアートと福祉に関心を持った。そしてうらわ美術館、東京都美術館企画展のボランティア、東京藝術大学の「アート×福祉」をテーマにしたDOORプロジェクト、さいたま国際芸術祭2020のサーキュレーションさいたまや一般公募枠での企画展への参加を経て、まちの写真スタジオ「SUTDIO・４５」をオープンさせる。

居心地の良い地元コミュニティの憩いの場
ここは写真スタジオとして活用するだけではない。地元のコミュニティの憩いの場として、万人がよりよく生きたいという想いをかなえられる場所、様々な人がフラットに集える居心地の良い場所づくりを目指している。
また、県立の小児病院ボランティアの経験や小学校の登下校に付き添い子どもたちと触れ合った経験から、子どもたちに寄り添いたいという想いも強い。

さまざまなイベント開催による
「SUTDIO・４５」の広がり
オープンした2021年10月には障がいと健常の境界線を考える上映・対話会、舞踏パフォーマンス・WS、みとりし上映・対話会を行った。今後も小泉さんが自身で企画したイベントの開催を行っていくとともに、居心地の良い地元コミュニティの憩いの場づくりをめざす。
ちなみにこのスタジオはさいたま国際芸術祭2020サーキュレーションさいたまの仲間、「さいたまde海賊」の拠点でもある。","[{""heading"":""お父さんへの想いが詰まった「SUTDIO・４５」"",""paragraphs"":[""カメラマンのお父さんが運営していた写真撮影スタジオの「SUTDIO・４５」。オーナーの小泉さんは病床に倒れたお父さんと向かい合ううちに、アーティストでもあったお父さんの芸術について、また闘病中の父に自分は何をできたのかを考え、それまで興味のなかったアートと福祉に関心を持った。そしてうらわ美術館、東京都美術館企画展のボランティア、東京藝術大学の「アート×福祉」をテーマにしたDOORプロジェクト、さいたま国際芸術祭2020のサーキュレーションさいたまや一般公募枠での企画展への参加を経て、まちの写真スタジオ「SUTDIO・４５」をオープンさせる。""]},{""heading"":""居心地の良い地元コミュニティの憩いの場"",""paragraphs"":[""ここは写真スタジオとして活用するだけではない。地元のコミュニティの憩いの場として、万人がよりよく生きたいという想いをかなえられる場所、様々な人がフラットに集える居心地の良い場所づくりを目指している。"",""また、県立の小児病院ボランティアの経験や小学校の登下校に付き添い子どもたちと触れ合った経験から、子どもたちに寄り添いたいという想いも強い。""]},{""heading"":""さまざまなイベント開催による"",""paragraphs"":[""「SUTDIO・４５」の広がり"",""オープンした2021年10月には障がいと健常の境界線を考える上映・対話会、舞踏パフォーマンス・WS、みとりし上映・対話会を行った。今後も小泉さんが自身で企画したイベントの開催を行っていくとともに、居心地の良い地元コミュニティの憩いの場づくりをめざす。"",""ちなみにこのスタジオはさいたま国際芸術祭2020サーキュレーションさいたまの仲間、「さいたまde海賊」の拠点でもある。""]}]",707,https://artscouncil-saitama.jp/wp-content/uploads/2024/11/asset-7-1280x720.jpg,"[{""role"":""eyecatch"",""url"":""https://artscouncil-saitama.jp/wp-content/uploads/2024/11/asset-7-1280x720.jpg"",""alt"":"""",""width"":null,""height"":null,""local_path"":""images/ACS0011/01-eyecatch.webp"",""webp_width"":1280,""webp_height"":720,""source_bytes"":799951,""webp_bytes"":32502,""download_status"":""取得済み"",""download_error"":""""},{""role"":""body"",""url"":""https://artscouncil-saitama.jp/wp-content/uploads/2024/11/asset-8.jpg"",""alt"":"""",""width"":1280,""height"":854,""local_path"":""images/ACS0011/02-body.webp"",""webp_width"":1280,""webp_height"":854,""source_bytes"":1908548,""webp_bytes"":109944,""download_status"":""取得済み"",""download_error"":""""},{""role"":""body"",""url"":""https://artscouncil-saitama.jp/wp-content/uploads/2024/11/asset-9.jpg"",""alt"":"""",""width"":1280,""height"":853,""local_path"":""images/ACS0011/03-body.webp"",""webp_width"":1280,""webp_height"":853,""source_bytes"":1706027,""webp_bytes"":90494,""download_status"":""取得済み"",""download_error"":""""}]",3,"{""住所"":""さいたま市浦和区高砂4-3-1高砂サニーコーポ103"",""電話番号"":""080-9691-4554"",""代表"":""小泉 文"",""HP/SNS"":""ウェブサイト\nFacebook\nInstagram\nX""}",さいたま市浦和区高砂4-3-1高砂サニーコーポ103,080-9691-4554,代表: 小泉 文,"ウェブサイト
Facebook
Instagram
X",2024-11-29T10:00:00,2025-02-02T21:59:41,https://artscouncil-saitama.jp/library/survey/studio45/,2026-08-02,取得済み,,著作物（オープンデータ対象外）,© Saitama City Cultural Promotion Foundation / アーツカウンシルさいたま,公式サイトの著作権表示・利用条件に従うこと。オープンデータCSVとは分離して利用する。,images/ACS0011/01-eyecatch.webp,3,232940
12,ACS0012,736,stand-coffee-cotocoto-gallery,STAND Coffee コトコト＆Gallery-B,自然とアートが織り出すもの,令和3年度,南浦和駅西口から（徒歩約５分）田島通りへと進むと、お蕎麦屋さんの隣りに隠れ家的お店がある。店内はギャラリースペース含め10席ほどのカフェ。アットホームな雰囲気で居心地がよい。ギャラリースペースは元和室を改装。作品を観ながらゆったり話すのによい。,"どんな場所?
南浦和駅西口から（徒歩約５分）田島通りへと進むと、お蕎麦屋さんの隣りに隠れ家的お店がある。店内はギャラリースペース含め10席ほどのカフェ。アットホームな雰囲気で居心地がよい。ギャラリースペースは元和室を改装。作品を観ながらゆったり話すのによい。
オーナーは、大学生時代、北浦和で珈琲専門店のバイトをしていた。そのときに培ったドリップ珈琲の味に自信がある。コトコトの一番の人気は、とろけるような甘みの完熟マンゴー。１年を通して世界各国の旬のマンゴーを毎週空輸で取り寄せている。

オープンのきっかけは?
オープンは2019年4月14日（オーナーの誕生日）。30年前に建てた二世帯住宅。両親が他界して10年以上空いていた１階部分をカフェ＆ギャラリーに改修した。野口さんは根っからの浦和っ子。定年まで都内で建築関係の仕事をしていた。小学校時代から腐れ縁の同級生に、現在、美術家として活躍している渋谷和良さんがいた。お互い50歳後半を迎え、二人で会うたび、そろそろ地域に恩返ししようと語ってきた。災害が多い日本にとって、普段からご近所さん同士が、コミュニケーションしやすい「場所」の大切さを感じ、「カフェ」をオープンした。
■何をしている?
現在、コトコトギャラリーは、個展以外に定期的に子どもたち向けのワークショップを開催したり、国蝶の「オオムラサキ」や「ジャコウアゲハ」を卵や幼虫から蝶になるまで育て子どもたちが観察できる場を提供している。ワークショップの始まりは浅見俊哉さんのワークショップ（影をつかまえる）。次にオーナー自らシュロの葉っぱでバッタを折るワークショップを開催。バッタの師匠は見沼で活動している蝶の観察会の主催者のひとりでオーナーがその後継者の一人。今ではコアなファンが集まる人気のワークショップになっている。

これからどうする?
子どもたちに「アートと自然」の楽しさを伝えることで地域に恩返したいと野口さんは語る。昨年から、さいたま市の自然緑地を守る「みどり愛護会」の活動にも参加し、天蚕（ヤママユ）の育成にも力を入れ始めた。いずれここからオリジナルの絹糸ができてくるだろう。
アートはアートだけでは成立しない。美術館のアート、公園のアート、民家のアート等、置かれる場所との関係でアートは無限に生まれてくる。そしてさいたま市は都会でありながら豊かな自然環境に恵まれている。自然とアート、この２つが結びつくことでどんなアートが生まれてくるのか。これからの展開が楽しみである。","[{""heading"":""どんな場所?"",""paragraphs"":[""南浦和駅西口から（徒歩約５分）田島通りへと進むと、お蕎麦屋さんの隣りに隠れ家的お店がある。店内はギャラリースペース含め10席ほどのカフェ。アットホームな雰囲気で居心地がよい。ギャラリースペースは元和室を改装。作品を観ながらゆったり話すのによい。"",""オーナーは、大学生時代、北浦和で珈琲専門店のバイトをしていた。そのときに培ったドリップ珈琲の味に自信がある。コトコトの一番の人気は、とろけるような甘みの完熟マンゴー。１年を通して世界各国の旬のマンゴーを毎週空輸で取り寄せている。""]},{""heading"":""オープンのきっかけは?"",""paragraphs"":[""オープンは2019年4月14日（オーナーの誕生日）。30年前に建てた二世帯住宅。両親が他界して10年以上空いていた１階部分をカフェ＆ギャラリーに改修した。野口さんは根っからの浦和っ子。定年まで都内で建築関係の仕事をしていた。小学校時代から腐れ縁の同級生に、現在、美術家として活躍している渋谷和良さんがいた。お互い50歳後半を迎え、二人で会うたび、そろそろ地域に恩返ししようと語ってきた。災害が多い日本にとって、普段からご近所さん同士が、コミュニケーションしやすい「場所」の大切さを感じ、「カフェ」をオープンした。"",""■何をしている?"",""現在、コトコトギャラリーは、個展以外に定期的に子どもたち向けのワークショップを開催したり、国蝶の「オオムラサキ」や「ジャコウアゲハ」を卵や幼虫から蝶になるまで育て子どもたちが観察できる場を提供している。ワークショップの始まりは浅見俊哉さんのワークショップ（影をつかまえる）。次にオーナー自らシュロの葉っぱでバッタを折るワークショップを開催。バッタの師匠は見沼で活動している蝶の観察会の主催者のひとりでオーナーがその後継者の一人。今ではコアなファンが集まる人気のワークショップになっている。""]},{""heading"":""これからどうする?"",""paragraphs"":[""子どもたちに「アートと自然」の楽しさを伝えることで地域に恩返したいと野口さんは語る。昨年から、さいたま市の自然緑地を守る「みどり愛護会」の活動にも参加し、天蚕（ヤママユ）の育成にも力を入れ始めた。いずれここからオリジナルの絹糸ができてくるだろう。"",""アートはアートだけでは成立しない。美術館のアート、公園のアート、民家のアート等、置かれる場所との関係でアートは無限に生まれてくる。そしてさいたま市は都会でありながら豊かな自然環境に恵まれている。自然とアート、この２つが結びつくことでどんなアートが生まれてくるのか。これからの展開が楽しみである。""]}]",1051,https://artscouncil-saitama.jp/wp-content/uploads/2024/12/media_20250311_084738_3635008837871565117-1280x720.jpg,"[{""role"":""eyecatch"",""url"":""https://artscouncil-saitama.jp/wp-content/uploads/2024/12/media_20250311_084738_3635008837871565117-1280x720.jpg"",""alt"":"""",""width"":null,""height"":null,""local_path"":""images/ACS0012/01-eyecatch.webp"",""webp_width"":1280,""webp_height"":720,""source_bytes"":306331,""webp_bytes"":105310,""download_status"":""取得済み"",""download_error"":""""},{""role"":""body"",""url"":""https://artscouncil-saitama.jp/wp-content/uploads/2024/12/IMG_4907.jpg"",""alt"":"""",""width"":2560,""height"":1920,""local_path"":""images/ACS0012/02-body.webp"",""webp_width"":1280,""webp_height"":960,""source_bytes"":1728056,""webp_bytes"":142958,""download_status"":""取得済み"",""download_error"":""""},{""role"":""body"",""url"":""https://artscouncil-saitama.jp/wp-content/uploads/2024/12/IMG_4913.jpg"",""alt"":"""",""width"":2560,""height"":1920,""local_path"":""images/ACS0012/03-body.webp"",""webp_width"":1280,""webp_height"":960,""source_bytes"":1527200,""webp_bytes"":106880,""download_status"":""取得済み"",""download_error"":""""}]",3,"{""住所"":""さいたま市南区南本町2-7-12"",""電話番号"":""070-4534-8652"",""代表"":""野口 敬"",""HP／SNS"":""Facebook\nX""}",さいたま市南区南本町2-7-12,070-4534-8652,代表: 野口 敬,"Facebook
X",2024-12-01T10:00:00,2025-06-07T10:54:35,https://artscouncil-saitama.jp/library/survey/stand-coffee-cotocoto-gallery/,2026-08-02,取得済み,,著作物（オープンデータ対象外）,© Saitama City Cultural Promotion Foundation / アーツカウンシルさいたま,公式サイトの著作権表示・利用条件に従うこと。オープンデータCSVとは分離して利用する。,images/ACS0012/01-eyecatch.webp,3,355148
13,ACS0013,756,space845,space845,この絶対的開放感で心が解放される場所,令和3年度,space845はさいたま市岩槻区のはしっこ、越谷と春日部に隣接した場所にある。目の前には水田が広がりその先にはスカイツリーが見える抜群のシチュエーション。オーナーの利根川さんには10年ほど前から構想があった。みんなの集まる場所を作りたい。その思いがいよいよ2021年に始動した。,"さいたま市の「はしっこ」space845
space845はさいたま市岩槻区のはしっこ、越谷と春日部に隣接した場所にある。目の前には水田が広がりその先にはスカイツリーが見える抜群のシチュエーション。オーナーの利根川さんには10年ほど前から構想があった。みんなの集まる場所を作りたい。その思いがいよいよ2021年に始動した。
建物は父の会社兼住居として建てられた。薪ストーブのある吹き抜けの広いリビング、その一角には仕切られた畳のスペース。床の間のある畳の部屋と広いキッチン。ゆったりとした洒落たつくりだ。その他、利根川さんの人柄が伝わるような木のぬくもりが感じられる作業場や畑もある。

始めた動機は「みんなが集まる場所を作りたい」
どんな場所にしたいか、それはふたつある。
ひとつは、なんとなく人が集まってきて、ぼーっとしていられる場所。ふらっと来て集まった人たちの自然なコミュニケーションで何かが生まれる、そんな空間が作りたい。
もうひとつは、各自が自由な表現のできる場所。販売などを行うギャラリーや個展ではなく、自分を表す、表現自体を見せる、アートなど自由な制作、それを作るところから見せたい、共有したい、そのような場所だ。一方、長く継続していくことも重要な点として見据えている。

アーティスト、サポーター、地域住民など
多くの人の「交流の場」
2021年夏にオープンし、浅見俊哉さん、遠藤一郎さんのプログラムを実施した。その時、アートの制作過程を間近で見るとともに、アーティストのアートに取り組む姿勢や関わり方に接することができ、これが大きな経験となったという。もともとさいたまトリエンナーレ2016に制作として関わりアーティストとの繋がりは多かったが、さらに若いアーティストとも繋がり、ここで制作・展示をやりたいという声も上がっている。
すでに何人かのアーティストと、制作・展示の相談をしており実現が楽しみだ。滞在型の作品制作も計画しており、その時は制作過程をオープンにする。これらの活動によりアーティスト、サポーター、地元住民など多くの人の交流が行われることだろう。
また、本箱に関するプログラムなどアーティスト招聘以外にも多様な計画がある。
みんながやりたいことをやる場を作る！
さいたま市のはしっこで熱い情熱が密かに燃えている。","[{""heading"":""さいたま市の「はしっこ」space845"",""paragraphs"":[""space845はさいたま市岩槻区のはしっこ、越谷と春日部に隣接した場所にある。目の前には水田が広がりその先にはスカイツリーが見える抜群のシチュエーション。オーナーの利根川さんには10年ほど前から構想があった。みんなの集まる場所を作りたい。その思いがいよいよ2021年に始動した。"",""建物は父の会社兼住居として建てられた。薪ストーブのある吹き抜けの広いリビング、その一角には仕切られた畳のスペース。床の間のある畳の部屋と広いキッチン。ゆったりとした洒落たつくりだ。その他、利根川さんの人柄が伝わるような木のぬくもりが感じられる作業場や畑もある。""]},{""heading"":""始めた動機は「みんなが集まる場所を作りたい」"",""paragraphs"":[""どんな場所にしたいか、それはふたつある。"",""ひとつは、なんとなく人が集まってきて、ぼーっとしていられる場所。ふらっと来て集まった人たちの自然なコミュニケーションで何かが生まれる、そんな空間が作りたい。"",""もうひとつは、各自が自由な表現のできる場所。販売などを行うギャラリーや個展ではなく、自分を表す、表現自体を見せる、アートなど自由な制作、それを作るところから見せたい、共有したい、そのような場所だ。一方、長く継続していくことも重要な点として見据えている。""]},{""heading"":""アーティスト、サポーター、地域住民など"",""paragraphs"":[""多くの人の「交流の場」"",""2021年夏にオープンし、浅見俊哉さん、遠藤一郎さんのプログラムを実施した。その時、アートの制作過程を間近で見るとともに、アーティストのアートに取り組む姿勢や関わり方に接することができ、これが大きな経験となったという。もともとさいたまトリエンナーレ2016に制作として関わりアーティストとの繋がりは多かったが、さらに若いアーティストとも繋がり、ここで制作・展示をやりたいという声も上がっている。"",""すでに何人かのアーティストと、制作・展示の相談をしており実現が楽しみだ。滞在型の作品制作も計画しており、その時は制作過程をオープンにする。これらの活動によりアーティスト、サポーター、地元住民など多くの人の交流が行われることだろう。"",""また、本箱に関するプログラムなどアーティスト招聘以外にも多様な計画がある。"",""みんながやりたいことをやる場を作る！"",""さいたま市のはしっこで熱い情熱が密かに燃えている。""]}]",973,https://artscouncil-saitama.jp/wp-content/uploads/2024/11/asset-1-26-1280x720.jpg,"[{""role"":""eyecatch"",""url"":""https://artscouncil-saitama.jp/wp-content/uploads/2024/11/asset-1-26-1280x720.jpg"",""alt"":"""",""width"":null,""height"":null,""local_path"":""images/ACS0013/01-eyecatch.webp"",""webp_width"":1280,""webp_height"":720,""source_bytes"":1217164,""webp_bytes"":152452,""download_status"":""取得済み"",""download_error"":""""},{""role"":""body"",""url"":""https://artscouncil-saitama.jp/wp-content/uploads/2024/11/asset-2-25.jpg"",""alt"":"""",""width"":1280,""height"":854,""local_path"":""images/ACS0013/02-body.webp"",""webp_width"":1280,""webp_height"":854,""source_bytes"":2104114,""webp_bytes"":113644,""download_status"":""取得済み"",""download_error"":""""},{""role"":""body"",""url"":""https://artscouncil-saitama.jp/wp-content/uploads/2024/11/asset-3-25.jpg"",""alt"":"""",""width"":1280,""height"":851,""local_path"":""images/ACS0013/03-body.webp"",""webp_width"":1280,""webp_height"":851,""source_bytes"":2129597,""webp_bytes"":124090,""download_status"":""取得済み"",""download_error"":""""}]",3,"{""住所"":""さいたま市岩槻区大口６３９−１"",""代表"":""利根川 兼一"",""HP/SNS"":""ウェブサイト\nFacebook""}",さいたま市岩槻区大口６３９−１,,代表: 利根川 兼一,"ウェブサイト
Facebook",2024-11-11T10:00:00,2025-02-02T22:12:17,https://artscouncil-saitama.jp/library/survey/space845/,2026-08-02,取得済み,,著作物（オープンデータ対象外）,© Saitama City Cultural Promotion Foundation / アーツカウンシルさいたま,公式サイトの著作権表示・利用条件に従うこと。オープンデータCSVとは分離して利用する。,images/ACS0013/01-eyecatch.webp,3,390186
14,ACS0014,742,atelier-ring,つきのみちくさ,浦和の歴史的な小道で木の温もりを感じる自由な空間,令和3年度,青山さんご夫妻は建築士で、住宅など様々な建物を設計している。青山さんが所有するこの土地は駄菓子屋さんに貸していたが、駄菓子屋さんがやめることになって何を作るかを考えた。かつての商店街で現在も人通りの多い道に面していて、全てが住宅だと通りに対して閉じた閉塞的な雰囲気になってしまう。街のスポットとなる地域に開かれた場所を作りたい考え、現在の貸しスペースかつ住居と…,"オープンのきっかけ、経緯
青山さんご夫妻は建築士で、住宅など様々な建物を設計している。青山さんが所有するこの土地は駄菓子屋さんに貸していたが、駄菓子屋さんがやめることになって何を作るかを考えた。かつての商店街で現在も人通りの多い道に面していて、全てが住宅だと通りに対して閉じた閉塞的な雰囲気になってしまう。街のスポットとなる地域に開かれた場所を作りたい考え、現在の貸しスペースかつ住居としての利用が可能な「つきのみちくさ」をオープンした。

「つきのみちくさ」から生まれる活動
「つきのみちくさ」は青山ご夫妻の建築事務所「アトリエ・リング」のプロジェクトの一つである。貸しスペースは、展示ギャラリー的に利用されたり、日常的には研修や打ち合わせ場所として使われたりと様々だ。現在はコロナ禍ということもあり自由に広報できず利用は限られているが、オープン時には「つきのみちくさ ことはじめ―木とともに暮らす かたち展―」と題し、家具作家による小物や家具の展示・販売、映画の上映、木と親しむようなワークショップの開催などを行った。
こういったことが日常的に行われる場所にしていきたい。

今後の展望は？
月単位で一週間程度の展覧会が開かれる展示ギャラリーや会議スペースとして活用して欲しいと考えている。また、近くにある自邸の中庭も利用し、２つの拠点を繋いで「つきのみちくさ」の屋内展示と自邸中庭の野外展示を企画しても面白い。自邸は現在１階に空き部屋がるので、アーティスト・イン・レジデンスの可能性も夢見ている。
さらに、「さきっちょ」や「楽風」など周辺施設と連携や、「彩光舎」の美術研究所の方たちと展示会を行なうなど、少しずつネットワークを広げることを考えているという。

どのような場・施設があると良いか
青山さんは、「人々が自由に集まり、ふとした会話の中で企画が生まれる。そういったものが自由活発に出てくるような、アイデアを混ぜる人（キーパーソン）がいつもいる場所があることで、浦和という街をより良くしていくことができるのではないか」と考える。
「浦和と大宮はスケールが違う。人間に近い時間と空間のスケールが街にまだ残っていて、静かにのんびりと時間の流れを楽しむような特色がある。ヒューマンスケールに近い経済活動や環境を破壊しない開発が浦和では望ましいのではないか」","[{""heading"":""オープンのきっかけ、経緯"",""paragraphs"":[""青山さんご夫妻は建築士で、住宅など様々な建物を設計している。青山さんが所有するこの土地は駄菓子屋さんに貸していたが、駄菓子屋さんがやめることになって何を作るかを考えた。かつての商店街で現在も人通りの多い道に面していて、全てが住宅だと通りに対して閉じた閉塞的な雰囲気になってしまう。街のスポットとなる地域に開かれた場所を作りたい考え、現在の貸しスペースかつ住居としての利用が可能な「つきのみちくさ」をオープンした。""]},{""heading"":""「つきのみちくさ」から生まれる活動"",""paragraphs"":[""「つきのみちくさ」は青山ご夫妻の建築事務所「アトリエ・リング」のプロジェクトの一つである。貸しスペースは、展示ギャラリー的に利用されたり、日常的には研修や打ち合わせ場所として使われたりと様々だ。現在はコロナ禍ということもあり自由に広報できず利用は限られているが、オープン時には「つきのみちくさ ことはじめ―木とともに暮らす かたち展―」と題し、家具作家による小物や家具の展示・販売、映画の上映、木と親しむようなワークショップの開催などを行った。"",""こういったことが日常的に行われる場所にしていきたい。""]},{""heading"":""今後の展望は？"",""paragraphs"":[""月単位で一週間程度の展覧会が開かれる展示ギャラリーや会議スペースとして活用して欲しいと考えている。また、近くにある自邸の中庭も利用し、２つの拠点を繋いで「つきのみちくさ」の屋内展示と自邸中庭の野外展示を企画しても面白い。自邸は現在１階に空き部屋がるので、アーティスト・イン・レジデンスの可能性も夢見ている。"",""さらに、「さきっちょ」や「楽風」など周辺施設と連携や、「彩光舎」の美術研究所の方たちと展示会を行なうなど、少しずつネットワークを広げることを考えているという。""]},{""heading"":""どのような場・施設があると良いか"",""paragraphs"":[""青山さんは、「人々が自由に集まり、ふとした会話の中で企画が生まれる。そういったものが自由活発に出てくるような、アイデアを混ぜる人（キーパーソン）がいつもいる場所があることで、浦和という街をより良くしていくことができるのではないか」と考える。"",""「浦和と大宮はスケールが違う。人間に近い時間と空間のスケールが街にまだ残っていて、静かにのんびりと時間の流れを楽しむような特色がある。ヒューマンスケールに近い経済活動や環境を破壊しない開発が浦和では望ましいのではないか」""]}]",981,https://artscouncil-saitama.jp/wp-content/uploads/2024/11/asset-1-22-1280x720.jpg,"[{""role"":""eyecatch"",""url"":""https://artscouncil-saitama.jp/wp-content/uploads/2024/11/asset-1-22-1280x720.jpg"",""alt"":"""",""width"":null,""height"":null,""local_path"":""images/ACS0014/01-eyecatch.webp"",""webp_width"":1280,""webp_height"":720,""source_bytes"":1082570,""webp_bytes"":118878,""download_status"":""取得済み"",""download_error"":""""},{""role"":""body"",""url"":""https://artscouncil-saitama.jp/wp-content/uploads/2024/11/asset-2-21.jpg"",""alt"":"""",""width"":1280,""height"":853,""local_path"":""images/ACS0014/02-body.webp"",""webp_width"":1280,""webp_height"":853,""source_bytes"":1319541,""webp_bytes"":47710,""download_status"":""取得済み"",""download_error"":""""},{""role"":""body"",""url"":""https://artscouncil-saitama.jp/wp-content/uploads/2024/11/asset-3-21.jpg"",""alt"":"""",""width"":1280,""height"":853,""local_path"":""images/ACS0014/03-body.webp"",""webp_width"":1280,""webp_height"":853,""source_bytes"":1422998,""webp_bytes"":57264,""download_status"":""取得済み"",""download_error"":""""}]",3,"{""住所"":""さいたま市浦和区岸町4丁目18-11-1"",""電話番号"":""048-822-3894"",""代表"":""青山 恭之\n永田 博子"",""HP/SNS"":""ウェブサイト\nFacebook""}",さいたま市浦和区岸町4丁目18-11-1,048-822-3894,"代表: 青山 恭之
永田 博子","ウェブサイト
Facebook",2024-11-25T10:00:00,2025-02-02T22:03:53,https://artscouncil-saitama.jp/library/survey/atelier-ring/,2026-08-02,取得済み,,著作物（オープンデータ対象外）,© Saitama City Cultural Promotion Foundation / アーツカウンシルさいたま,公式サイトの著作権表示・利用条件に従うこと。オープンデータCSVとは分離して利用する。,images/ACS0014/01-eyecatch.webp,3,223852
15,ACS0015,745,sagiyama,ファーム・インさぎ山,数百年続く見沼の農を未来へ 農業体験、食育、「野良の藝術」に開かれた場,令和3年度,さぎ山は、その名の通り水鳥のサギが棲んでいた山。最盛期は１万羽もいたが50年前に姿を消した。見沼田んぼも都市化、農業後継者不足、土地の荒廃など変化にさらされていた。250年続く農家の萩原さんは「小学生たちが農家の暮らしを知らない」と気づき1997年にファーム・インさぎ山を立ち上げた。仲間たちとヨーロッパへ視察にいくなど研鑽を重ねた。親子の農業体験に始まり学校…,"サギが消え、田園荒れてファーム始まる
さぎ山は、その名の通り水鳥のサギが棲んでいた山。最盛期は１万羽もいたが50年前に姿を消した。見沼田んぼも都市化、農業後継者不足、土地の荒廃など変化にさらされていた。250年続く農家の萩原さんは「小学生たちが農家の暮らしを知らない」と気づき1997年にファーム・インさぎ山を立ち上げた。仲間たちとヨーロッパへ視察にいくなど研鑽を重ねた。親子の農業体験に始まり学校、企業、NPOなどを受け入れており、都内からの参加者も多い。食育、年中行事、セミナーなどイベントも実施し「農家の暮らしのありのまま」を見せている。

アートから今と未来が見える
アートイベントへの協力は、さいたまトリエンナーレ2016がきっかけ。萩原さんの夫、哲さんのがん余命宣告を受け「はなむけの思い」で始まった野外アート展「野良の藝術」は、2017年以来１年に1、2回さぎ山界隈で開く。企画は社会芸術ユニット・ウルスだ。代表の吉田富久一さんは「アーティスト以外でも創造性がある人たちと組みたい」という思いで活動を展開。炭焼き、燻炭焼きの実践から農と芸術の働きに発展した。「単なる、置き物、飾り、癒しに止まらない“生きる勇気”を復活させる活動をしたい」と意気込む。炭焼きを手掛かりに、縄文より続く野良の行く末にまで目を向ける。「アートは自己満足ではない。未来へ向かう創造性の共有。一気に社会を変えるのではないが、日々の積み重ねを通して、やがて社会の根本が変わる」と期待している。

「消えたら戻らない。」だから価値発見を
萩原さんは「ここの風景そのものがアートになる。花を活けてもいいし、農具を使ってもいい。お金をかけて、外から何か持ってこなくても、すでにあるものの価値を再発見できる。拾い起す、見つめ直すがキーワードでは」と地域アートの今後に一言。「地元の若い人を発掘し続けないと将来はない。子どもたちにアイデアを募集してもいい」とも。社会芸術と萩原さんとの共同企画で2021年「野良の藝術」では地元の美大生が運営に加わり、クラウドファンディング、シェアサイクリングなどのコラボも実現した。萩原さんは「自然が壊れたら二度と同じ風景は戻らない。それはサギが消えたことからも教えられる。自然は皆のものであるし、50年前にサギが警告を発してくれていたことを見つめ直し、自然との共生、見沼田んぼの存在価値、農村文化等を再確認し未来の子供たちに何が残せるか考えるべき時ではないか」と語った。","[{""heading"":""サギが消え、田園荒れてファーム始まる"",""paragraphs"":[""さぎ山は、その名の通り水鳥のサギが棲んでいた山。最盛期は１万羽もいたが50年前に姿を消した。見沼田んぼも都市化、農業後継者不足、土地の荒廃など変化にさらされていた。250年続く農家の萩原さんは「小学生たちが農家の暮らしを知らない」と気づき1997年にファーム・インさぎ山を立ち上げた。仲間たちとヨーロッパへ視察にいくなど研鑽を重ねた。親子の農業体験に始まり学校、企業、NPOなどを受け入れており、都内からの参加者も多い。食育、年中行事、セミナーなどイベントも実施し「農家の暮らしのありのまま」を見せている。""]},{""heading"":""アートから今と未来が見える"",""paragraphs"":[""アートイベントへの協力は、さいたまトリエンナーレ2016がきっかけ。萩原さんの夫、哲さんのがん余命宣告を受け「はなむけの思い」で始まった野外アート展「野良の藝術」は、2017年以来１年に1、2回さぎ山界隈で開く。企画は社会芸術ユニット・ウルスだ。代表の吉田富久一さんは「アーティスト以外でも創造性がある人たちと組みたい」という思いで活動を展開。炭焼き、燻炭焼きの実践から農と芸術の働きに発展した。「単なる、置き物、飾り、癒しに止まらない“生きる勇気”を復活させる活動をしたい」と意気込む。炭焼きを手掛かりに、縄文より続く野良の行く末にまで目を向ける。「アートは自己満足ではない。未来へ向かう創造性の共有。一気に社会を変えるのではないが、日々の積み重ねを通して、やがて社会の根本が変わる」と期待している。""]},{""heading"":""「消えたら戻らない。」だから価値発見を"",""paragraphs"":[""萩原さんは「ここの風景そのものがアートになる。花を活けてもいいし、農具を使ってもいい。お金をかけて、外から何か持ってこなくても、すでにあるものの価値を再発見できる。拾い起す、見つめ直すがキーワードでは」と地域アートの今後に一言。「地元の若い人を発掘し続けないと将来はない。子どもたちにアイデアを募集してもいい」とも。社会芸術と萩原さんとの共同企画で2021年「野良の藝術」では地元の美大生が運営に加わり、クラウドファンディング、シェアサイクリングなどのコラボも実現した。萩原さんは「自然が壊れたら二度と同じ風景は戻らない。それはサギが消えたことからも教えられる。自然は皆のものであるし、50年前にサギが警告を発してくれていたことを見つめ直し、自然との共生、見沼田んぼの存在価値、農村文化等を再確認し未来の子供たちに何が残せるか考えるべき時ではないか」と語った。""]}]",1041,https://artscouncil-saitama.jp/wp-content/uploads/2024/11/asset-1-19-1280x720.jpg,"[{""role"":""eyecatch"",""url"":""https://artscouncil-saitama.jp/wp-content/uploads/2024/11/asset-1-19-1280x720.jpg"",""alt"":"""",""width"":null,""height"":null,""local_path"":""images/ACS0015/01-eyecatch.webp"",""webp_width"":1280,""webp_height"":720,""source_bytes"":1283858,""webp_bytes"":162218,""download_status"":""取得済み"",""download_error"":""""},{""role"":""body"",""url"":""https://artscouncil-saitama.jp/wp-content/uploads/2024/11/asset-2-18.jpg"",""alt"":"""",""width"":1280,""height"":854,""local_path"":""images/ACS0015/02-body.webp"",""webp_width"":1280,""webp_height"":854,""source_bytes"":2205274,""webp_bytes"":187948,""download_status"":""取得済み"",""download_error"":""""},{""role"":""body"",""url"":""https://artscouncil-saitama.jp/wp-content/uploads/2024/11/asset-3-19.jpg"",""alt"":"""",""width"":1280,""height"":854,""local_path"":""images/ACS0015/03-body.webp"",""webp_width"":1280,""webp_height"":854,""source_bytes"":2697181,""webp_bytes"":209844,""download_status"":""取得済み"",""download_error"":""""}]",3,"{""住所"":""さいたま市緑区上野田282"",""電話番号"":""090-5195-2183"",""代表"":""萩原 さとみ"",""HP/SNS"":""ウェブサイト\nFacebook\nX\nLINE""}",さいたま市緑区上野田282,090-5195-2183,代表: 萩原 さとみ,"ウェブサイト
Facebook
X
LINE",2024-11-22T10:00:00,2025-02-02T22:06:34,https://artscouncil-saitama.jp/library/survey/sagiyama/,2026-08-02,取得済み,,著作物（オープンデータ対象外）,© Saitama City Cultural Promotion Foundation / アーツカウンシルさいたま,公式サイトの著作権表示・利用条件に従うこと。オープンデータCSVとは分離して利用する。,images/ACS0015/01-eyecatch.webp,3,560010
16,ACS0016,752,blue-bird-cafe-atelier-blue-bird,Blue Bird Cafe & Atelier Blue Bird,音楽とアートで心穏やかに、こだわりの食材で体安らぐ氷川の杜近くのアトリエカフェ,令和3年度,オーナー自身がアーティストであり、学生時代の専攻である版画の現代作品の発表の場が少なかったことから、自身の作品と美術大学時代の仲間の作品を展示する場所があったらいいなと思ったことがきっかけ。また食育に関心があり、自然栽培の野菜や国産お肉などを使用したランチの提供も行う場所とした。また、氷川の杜周辺にカフェなど賑わいのある場所が少なかったこともあり、盛り上げた…,"オープンのきっかけ
オーナー自身がアーティストであり、学生時代の専攻である版画の現代作品の発表の場が少なかったことから、自身の作品と美術大学時代の仲間の作品を展示する場所があったらいいなと思ったことがきっかけ。また食育に関心があり、自然栽培の野菜や国産お肉などを使用したランチの提供も行う場所とした。また、氷川の杜周辺にカフェなど賑わいのある場所が少なかったこともあり、盛り上げたいという思いもあった。ハーブやコーヒーの勉強した経験を活かし、カフェとして2018年7月20日にオープンし、現在に至る。

どんな場所？
「心も体も、元気に優しく癒されていく」空間がコンセプト。店内に飾られている作品は１か月に一回程度入れ替えている。展示作品はお店のコンセプトに合う癒しの作品が選ばれている。無垢材が印象的な店内はオーナーが建築士と相談しながらデザインを考えた。入ってすぐに蒔きストーブのある土間があり、そこで靴を脱いであがるようになっている。奥にはピアノのあるスペースもあり、オーナー自ら絵画教室を開いたり、音楽コンサートを定期に開催している。カフェメニューは、有機野菜ランチセットやコーヒー、ハーブティーに合うデザート。芸術作品・音楽に触れ心を潤し、安心安全な食材で体を養う場所である。

担い手について
オーナーは櫻庭亜希子さん。多摩美術大学出身、顔彩画を中心に作家活動をしているマルチアーティスト。デザイン事務所勤務ののち、食育に興味を持ち始め、コーヒーやハーブについて学ぶ。後にカフェ＆ギャラリーをオープン。ギャラリーでは自身の作品を中心に、一般公募した作品も展示。ギャラリーの一角では絵画教室を開いている。いろセラピスト・レイキヒーラーでもある。2022年2月17日よりVenere di Luce というオリジナルブランドを展開している。

将来の展望
オーナーは「食の安全にこだわり、絵画と音楽で心を浄化するような癒しの空間を引き続き提供したい」、「氷川神社の近くにあるので、氷川の杜を盛り上げられるような場所でありたい」と語る。また、「地域の皆さんに、芸術に向き合うことの素晴らしさをより広げたいと感じているため、他のギャラリーカフェや美術館と繋がり発展させていきたい」と話されていた。
店内はオーナーのコンセプトが空間にも表れており、心地よい時間が流れていた。氷川神社に立ち寄った際は少し足を伸ばしてみるのはいかがだろうか。","[{""heading"":""オープンのきっかけ"",""paragraphs"":[""オーナー自身がアーティストであり、学生時代の専攻である版画の現代作品の発表の場が少なかったことから、自身の作品と美術大学時代の仲間の作品を展示する場所があったらいいなと思ったことがきっかけ。また食育に関心があり、自然栽培の野菜や国産お肉などを使用したランチの提供も行う場所とした。また、氷川の杜周辺にカフェなど賑わいのある場所が少なかったこともあり、盛り上げたいという思いもあった。ハーブやコーヒーの勉強した経験を活かし、カフェとして2018年7月20日にオープンし、現在に至る。""]},{""heading"":""どんな場所？"",""paragraphs"":[""「心も体も、元気に優しく癒されていく」空間がコンセプト。店内に飾られている作品は１か月に一回程度入れ替えている。展示作品はお店のコンセプトに合う癒しの作品が選ばれている。無垢材が印象的な店内はオーナーが建築士と相談しながらデザインを考えた。入ってすぐに蒔きストーブのある土間があり、そこで靴を脱いであがるようになっている。奥にはピアノのあるスペースもあり、オーナー自ら絵画教室を開いたり、音楽コンサートを定期に開催している。カフェメニューは、有機野菜ランチセットやコーヒー、ハーブティーに合うデザート。芸術作品・音楽に触れ心を潤し、安心安全な食材で体を養う場所である。""]},{""heading"":""担い手について"",""paragraphs"":[""オーナーは櫻庭亜希子さん。多摩美術大学出身、顔彩画を中心に作家活動をしているマルチアーティスト。デザイン事務所勤務ののち、食育に興味を持ち始め、コーヒーやハーブについて学ぶ。後にカフェ＆ギャラリーをオープン。ギャラリーでは自身の作品を中心に、一般公募した作品も展示。ギャラリーの一角では絵画教室を開いている。いろセラピスト・レイキヒーラーでもある。2022年2月17日よりVenere di Luce というオリジナルブランドを展開している。""]},{""heading"":""将来の展望"",""paragraphs"":[""オーナーは「食の安全にこだわり、絵画と音楽で心を浄化するような癒しの空間を引き続き提供したい」、「氷川神社の近くにあるので、氷川の杜を盛り上げられるような場所でありたい」と語る。また、「地域の皆さんに、芸術に向き合うことの素晴らしさをより広げたいと感じているため、他のギャラリーカフェや美術館と繋がり発展させていきたい」と話されていた。"",""店内はオーナーのコンセプトが空間にも表れており、心地よい時間が流れていた。氷川神社に立ち寄った際は少し足を伸ばしてみるのはいかがだろうか。""]}]",1020,https://artscouncil-saitama.jp/wp-content/uploads/2024/11/%E3%82%A2%E3%82%BB%E3%83%83%E3%83%88-1-13-1280x720.jpg,"[{""role"":""eyecatch"",""url"":""https://artscouncil-saitama.jp/wp-content/uploads/2024/11/%E3%82%A2%E3%82%BB%E3%83%83%E3%83%88-1-13-1280x720.jpg"",""alt"":"""",""width"":null,""height"":null,""local_path"":""images/ACS0016/01-eyecatch.webp"",""webp_width"":1280,""webp_height"":720,""source_bytes"":1384153,""webp_bytes"":268110,""download_status"":""取得済み"",""download_error"":""""},{""role"":""body"",""url"":""https://artscouncil-saitama.jp/wp-content/uploads/2024/11/%E3%82%A2%E3%82%BB%E3%83%83%E3%83%88-2-12.jpg"",""alt"":"""",""width"":1280,""height"":854,""local_path"":""images/ACS0016/02-body.webp"",""webp_width"":1280,""webp_height"":854,""source_bytes"":1864865,""webp_bytes"":115144,""download_status"":""取得済み"",""download_error"":""""},{""role"":""body"",""url"":""https://artscouncil-saitama.jp/wp-content/uploads/2024/11/%E3%82%A2%E3%82%BB%E3%83%83%E3%83%88-3-13.jpg"",""alt"":"""",""width"":1280,""height"":854,""local_path"":""images/ACS0016/03-body.webp"",""webp_width"":1280,""webp_height"":854,""source_bytes"":1882173,""webp_bytes"":112008,""download_status"":""取得済み"",""download_error"":""""}]",3,"{""住所"":""さいたま市大宮区寿能町1丁目16−11"",""電話番号"":""080-5530-3894"",""代表"":""櫻庭 亜希子"",""HP"":""ウェブサイト""}",さいたま市大宮区寿能町1丁目16−11,080-5530-3894,代表: 櫻庭 亜希子,ウェブサイト,2024-11-15T10:00:00,2025-02-02T20:42:01,https://artscouncil-saitama.jp/library/survey/blue-bird-cafe-atelier-blue-bird/,2026-08-02,取得済み,,著作物（オープンデータ対象外）,© Saitama City Cultural Promotion Foundation / アーツカウンシルさいたま,公式サイトの著作権表示・利用条件に従うこと。オープンデータCSVとは分離して利用する。,images/ACS0016/01-eyecatch.webp,3,495262
17,ACS0017,740,blockhakase-labo,ブロックはかせ．LABO,おもちゃがつくりだす、子どもたちの居場所,令和3年度,前原さんは、ダイヤブロックの商品開発やナノブロックの立ち上げなどを行っていた。全国各地で子どもから大人まで幅広い世代に楽しんでもらえる体験教室を行っていた。長い間おもちゃに関わる中で、企業で働くよりも個人として人との関わりを持ちたいと考え、親しみやすく導入しやすい、飲食と遊びを融合した「総合おもちゃカフェ」を企画した。主なターゲットは「子ども」と「子どもがい…,"浦和で事業を展開した理由
前原さんは、ダイヤブロックの商品開発やナノブロックの立ち上げなどを行っていた。全国各地で子どもから大人まで幅広い世代に楽しんでもらえる体験教室を行っていた。長い間おもちゃに関わる中で、企業で働くよりも個人として人との関わりを持ちたいと考え、親しみやすく導入しやすい、飲食と遊びを融合した「総合おもちゃカフェ」を企画した。主なターゲットは「子ども」と「子どもがいる家族」。子どもがいる家庭が増加しているエリアをリサーチして、教室が似合う街のイメージのある浦和の中でも北浦和に店舗を開くことを決めた。

来客層や利用頻度は？
近年は、新型コロナウイルスの影響もあって飲食の営業を抑え気味にし、創作・思考・プログラミングの考え方などの少人数制の体験教室に力を入れている。親子連れの参加が多く、はまった子は毎週来てくれるなどリピーターも獲得している。
また、母親たちの井戸端会議やママ会などの場所になっており、近隣住民から親しまれている。
不登校児童の支援団体とも連携協力しており、行き場のない子どもたちの居場所の役割をなしている。

なぜブロック玩具を題材にしたのか
近年注目されているSTEAM教育という考え方がある。Science（科学）、Technology（技術）、Engineering（ものづくり）、Art（芸術）、Mathematics（数学）の頭文字を組み合わせた教育方針で、現実の問題を解決に導く力や今までにないものを創造する力を育むことを目的としているものである。
ブロック玩具を題材にするプログラムは、STEAM教育手法であり、トライ＆エラーで問題解決を学ぶことができる。ブロックという身近で親しみやすいものを題材に選ぶことによって、日常に取り入れやすくしている。

地域交流の場として
おもちゃを使った教育で、答えに結びつける力、プログラミング的思考の育成を目指している。ブロックを使って「子どもたちの居場所」となるだけではなく、癒しを求める「大人の居場所」にもなっている。
前原さんは、「北浦和をブロックがあちこちにあるまちにしよう」と提唱している。まちの共通テーマは企業・店舗の連携により拡散していくと考えており、企業の建物のブロック作品の提供や近隣店舗のロゴづくりなど、近隣の店舗との連携も行っている。","[{""heading"":""浦和で事業を展開した理由"",""paragraphs"":[""前原さんは、ダイヤブロックの商品開発やナノブロックの立ち上げなどを行っていた。全国各地で子どもから大人まで幅広い世代に楽しんでもらえる体験教室を行っていた。長い間おもちゃに関わる中で、企業で働くよりも個人として人との関わりを持ちたいと考え、親しみやすく導入しやすい、飲食と遊びを融合した「総合おもちゃカフェ」を企画した。主なターゲットは「子ども」と「子どもがいる家族」。子どもがいる家庭が増加しているエリアをリサーチして、教室が似合う街のイメージのある浦和の中でも北浦和に店舗を開くことを決めた。""]},{""heading"":""来客層や利用頻度は？"",""paragraphs"":[""近年は、新型コロナウイルスの影響もあって飲食の営業を抑え気味にし、創作・思考・プログラミングの考え方などの少人数制の体験教室に力を入れている。親子連れの参加が多く、はまった子は毎週来てくれるなどリピーターも獲得している。"",""また、母親たちの井戸端会議やママ会などの場所になっており、近隣住民から親しまれている。"",""不登校児童の支援団体とも連携協力しており、行き場のない子どもたちの居場所の役割をなしている。""]},{""heading"":""なぜブロック玩具を題材にしたのか"",""paragraphs"":[""近年注目されているSTEAM教育という考え方がある。Science（科学）、Technology（技術）、Engineering（ものづくり）、Art（芸術）、Mathematics（数学）の頭文字を組み合わせた教育方針で、現実の問題を解決に導く力や今までにないものを創造する力を育むことを目的としているものである。"",""ブロック玩具を題材にするプログラムは、STEAM教育手法であり、トライ＆エラーで問題解決を学ぶことができる。ブロックという身近で親しみやすいものを題材に選ぶことによって、日常に取り入れやすくしている。""]},{""heading"":""地域交流の場として"",""paragraphs"":[""おもちゃを使った教育で、答えに結びつける力、プログラミング的思考の育成を目指している。ブロックを使って「子どもたちの居場所」となるだけではなく、癒しを求める「大人の居場所」にもなっている。"",""前原さんは、「北浦和をブロックがあちこちにあるまちにしよう」と提唱している。まちの共通テーマは企業・店舗の連携により拡散していくと考えており、企業の建物のブロック作品の提供や近隣店舗のロゴづくりなど、近隣の店舗との連携も行っている。""]}]",976,https://artscouncil-saitama.jp/wp-content/uploads/2024/11/asset-1-24-1280x720.jpg,"[{""role"":""eyecatch"",""url"":""https://artscouncil-saitama.jp/wp-content/uploads/2024/11/asset-1-24-1280x720.jpg"",""alt"":"""",""width"":null,""height"":null,""local_path"":""images/ACS0017/01-eyecatch.webp"",""webp_width"":1280,""webp_height"":720,""source_bytes"":1091348,""webp_bytes"":104300,""download_status"":""取得済み"",""download_error"":""""},{""role"":""body"",""url"":""https://artscouncil-saitama.jp/wp-content/uploads/2024/11/asset-2-23.jpg"",""alt"":"""",""width"":1280,""height"":853,""local_path"":""images/ACS0017/02-body.webp"",""webp_width"":1280,""webp_height"":853,""source_bytes"":1965043,""webp_bytes"":110762,""download_status"":""取得済み"",""download_error"":""""},{""role"":""body"",""url"":""https://artscouncil-saitama.jp/wp-content/uploads/2024/11/asset-1-24.jpg"",""alt"":"""",""width"":1280,""height"":853,""local_path"":""images/ACS0017/03-body.webp"",""webp_width"":1280,""webp_height"":853,""source_bytes"":1938135,""webp_bytes"":106546,""download_status"":""取得済み"",""download_error"":""""}]",3,"{""住所"":""さいたま市浦和区常盤9-11-12-2F"",""電話番号"":""048-767-3354"",""代表"":""前原 浩"",""HP/SNS"":""ウェブサイト\nFacebook\nInstagram\nX""}",さいたま市浦和区常盤9-11-12-2F,048-767-3354,代表: 前原 浩,"ウェブサイト
Facebook
Instagram
X",2024-11-27T10:00:00,2025-02-02T22:01:41,https://artscouncil-saitama.jp/library/survey/blockhakase-labo/,2026-08-02,取得済み,,著作物（オープンデータ対象外）,© Saitama City Cultural Promotion Foundation / アーツカウンシルさいたま,公式サイトの著作権表示・利用条件に従うこと。オープンデータCSVとは分離して利用する。,images/ACS0017/01-eyecatch.webp,3,321608
18,ACS0018,737,healthy-cafe-nora,ヘルシーカフェのら,のらにあつまる地域のあれこれ。野菜と温もりとイマジネーション!!,令和3年度,店名である「のら」は《野菜で良くする。野菜で楽しむ》という意味があります。,"ヘルシーカフェのら
店名である「のら」は《野菜で良くする。野菜で楽しむ》という意味があります。
お店の中に入ると、店頭には地元の野菜が販売されており、地域のあらゆる情報がチラシや書籍を通じて語りかけてきます。そして、店主の新井純子さんの明るい「はーい！」という声が響きます。純子さんによると、これらの情報は地域の人が企画したワークショップや、地域の課題解決に向けた取り組みが多いとのことです。
のらの存在は地域を集約したものであり、暮らしの中の「出会いの場」という印象で取材は始まりました。

孤独だった子育て経験
のらを始めたのは、「自身の孤独な子育ての経験」が大きいと純子さんは語ります。
当時は専業主婦はラクだみたいな風潮があり、転勤族だった彼女は誰にも子育ての辛さを打ち明けることができませんでした。ある日、公民館の学習会に参加し、孤独なのは自分だけでなく、地域の課題であることに気づいたと言います。この時に感じた「私の課題はみんなの課題」という意識がのらの根底に流れており、困っている人の課題に一緒に取り組むという寄り添うスタイルが生まれたのかもしれません。

地産地消
大量に生産して、流通し、消費される食糧たち。生産性や効率化を声高に叫ぶ世の中。「だからみんな疲れちゃうのよ～」と語る純子さんは、のらをそういった風潮と対極にある店にすることに決めたと言います。カフェで提供される野菜などの食材はほぼ、地域で収穫されたものを使用し、農家さんとのつながりを大切にしています。地元で採れたものを地元の人たちに楽しく食べてもらう。決して大きな経済がまわっているわけではないと語りながらも、作り手とお客様がつながることが何よりも豊かで、無理のない持続可能な仕組みであると話す姿はとても誇らしそうでした。

芸術について
そんな純子さんにとって芸術ってどんなものですか？ 最後に直球の質問をしてみました。
「私にとって芸術は高いところにある話ではない。人間の表現であり、日々の暮らしの中にあるものかもしれない」。著名な作家の作品でなくとも誰かが大切に使用しているお茶碗は、その人にとって大切な芸術品である、という例えで教えてくれました。
2016年のさいたまトリエンナーレでは矢印の作品で関わったそうです。これからの芸術祭には市民の活力になる取り組みを期待していると話していました。","[{""heading"":""ヘルシーカフェのら"",""paragraphs"":[""店名である「のら」は《野菜で良くする。野菜で楽しむ》という意味があります。"",""お店の中に入ると、店頭には地元の野菜が販売されており、地域のあらゆる情報がチラシや書籍を通じて語りかけてきます。そして、店主の新井純子さんの明るい「はーい！」という声が響きます。純子さんによると、これらの情報は地域の人が企画したワークショップや、地域の課題解決に向けた取り組みが多いとのことです。"",""のらの存在は地域を集約したものであり、暮らしの中の「出会いの場」という印象で取材は始まりました。""]},{""heading"":""孤独だった子育て経験"",""paragraphs"":[""のらを始めたのは、「自身の孤独な子育ての経験」が大きいと純子さんは語ります。"",""当時は専業主婦はラクだみたいな風潮があり、転勤族だった彼女は誰にも子育ての辛さを打ち明けることができませんでした。ある日、公民館の学習会に参加し、孤独なのは自分だけでなく、地域の課題であることに気づいたと言います。この時に感じた「私の課題はみんなの課題」という意識がのらの根底に流れており、困っている人の課題に一緒に取り組むという寄り添うスタイルが生まれたのかもしれません。""]},{""heading"":""地産地消"",""paragraphs"":[""大量に生産して、流通し、消費される食糧たち。生産性や効率化を声高に叫ぶ世の中。「だからみんな疲れちゃうのよ～」と語る純子さんは、のらをそういった風潮と対極にある店にすることに決めたと言います。カフェで提供される野菜などの食材はほぼ、地域で収穫されたものを使用し、農家さんとのつながりを大切にしています。地元で採れたものを地元の人たちに楽しく食べてもらう。決して大きな経済がまわっているわけではないと語りながらも、作り手とお客様がつながることが何よりも豊かで、無理のない持続可能な仕組みであると話す姿はとても誇らしそうでした。""]},{""heading"":""芸術について"",""paragraphs"":[""そんな純子さんにとって芸術ってどんなものですか？ 最後に直球の質問をしてみました。"",""「私にとって芸術は高いところにある話ではない。人間の表現であり、日々の暮らしの中にあるものかもしれない」。著名な作家の作品でなくとも誰かが大切に使用しているお茶碗は、その人にとって大切な芸術品である、という例えで教えてくれました。"",""2016年のさいたまトリエンナーレでは矢印の作品で関わったそうです。これからの芸術祭には市民の活力になる取り組みを期待していると話していました。""]}]",992,https://artscouncil-saitama.jp/wp-content/uploads/2024/11/%E3%82%A2%E3%82%BB%E3%83%83%E3%83%88-1-1280x720.jpg,"[{""role"":""eyecatch"",""url"":""https://artscouncil-saitama.jp/wp-content/uploads/2024/11/%E3%82%A2%E3%82%BB%E3%83%83%E3%83%88-1-1280x720.jpg"",""alt"":"""",""width"":null,""height"":null,""local_path"":""images/ACS0018/01-eyecatch.webp"",""webp_width"":1280,""webp_height"":720,""source_bytes"":974310,""webp_bytes"":93436,""download_status"":""取得済み"",""download_error"":""""},{""role"":""body"",""url"":""https://artscouncil-saitama.jp/wp-content/uploads/2024/11/%E3%82%A2%E3%82%BB%E3%83%83%E3%83%88-2-1024x683.jpg"",""alt"":"""",""width"":1024,""height"":683,""local_path"":""images/ACS0018/02-body.webp"",""webp_width"":1024,""webp_height"":683,""source_bytes"":901965,""webp_bytes"":56350,""download_status"":""取得済み"",""download_error"":""""},{""role"":""body"",""url"":""https://artscouncil-saitama.jp/wp-content/uploads/2024/11/%E3%82%A2%E3%82%BB%E3%83%83%E3%83%88-3-1024x684.jpg"",""alt"":"""",""width"":1024,""height"":684,""local_path"":""images/ACS0018/03-body.webp"",""webp_width"":1024,""webp_height"":684,""source_bytes"":906302,""webp_bytes"":55218,""download_status"":""取得済み"",""download_error"":""""}]",3,"{""住所"":""さいたま市南区鹿手袋7-3-2"",""電話番号"":""048-607-3007"",""代表"":""新井 純子"",""HP/SNS"":""ウェブサイト\nFacebook\nInstagram""}",さいたま市南区鹿手袋7-3-2,048-607-3007,代表: 新井 純子,"ウェブサイト
Facebook
Instagram",2024-11-30T10:00:00,2025-02-02T21:16:50,https://artscouncil-saitama.jp/library/survey/healthy-cafe-nora/,2026-08-02,取得済み,,著作物（オープンデータ対象外）,© Saitama City Cultural Promotion Foundation / アーツカウンシルさいたま,公式サイトの著作権表示・利用条件に従うこと。オープンデータCSVとは分離して利用する。,images/ACS0018/01-eyecatch.webp,3,205004
19,ACS0019,741,marble-terrace,マーブルテラス,まぜこせをテーマに、素敵なクッキーと交流に出会える場所,令和3年度,谷居さんたちは2007 年からNPO法人クッキープロジェクトで障がいのある方のクッキー作りをサポート・販売する活動をしてきた。2017 年には埼玉県立小児医療センター内に常設のアンテナショップを開店したが、お客さんは病院に来る人に限られてしまうため一般向けのカフェを開きたいという思いがあった。そんな時、「コミューンときわ」というコミュニティマンションに出会っ…,"お店を開いたきっかけ
谷居さんたちは2007 年からNPO法人クッキープロジェクトで障がいのある方のクッキー作りをサポート・販売する活動をしてきた。2017 年には埼玉県立小児医療センター内に常設のアンテナショップを開店したが、お客さんは病院に来る人に限られてしまうため一般向けのカフェを開きたいという思いがあった。そんな時、「コミューンときわ」というコミュニティマンションに出会った。スロープや多目的トイレが整備され様々な世帯向け住戸があるなど、寝に帰るだけではない住宅に魅力を感じてここに「マーブルテラス」をオープンした。

地域交流の場として
飲食を軸として地域交流の場となっている。
これまでにテラスでワークショップやコンサートを行った。また、店内の壁を利用した写真展などの企画展も開催している。コミューンときわの中庭では、さいたま国際芸術祭コーディネーターの浅見俊哉さんのワークショップも行われた。来客層としては、近所に住むシニアの方や子育て中のお母さんたちが多く訪れている。コミューンときわの住民同士の交流も盛んで、住民の方もよく訪れるそうだ。
一方でコロナの影響もあり、集客に苦慮しているという。

今後お店をどんな場所にしていきたいか
「マーブルテラスを、公民館のような役割を持った集まりができる場所にしたい。もちろん障がいのある方も気兼ねなく利用できるお店にしたい」とお話しされていた。
クッキープロジェクトの活動で大事なキーワードである「まぜこぜ」を大切にしていきたいとのお話だった。
「まぜこぜ」という言葉は、障がいがある人もない人も、大人も子どもも、会社員も学生も色々な人が関わりあえる社会にしたいという、クッキープロジェクトの理念から来ている。マーブルテラスもそのような色々な人が交わる場所にしたいそうだ。

どのような場・施設があると良いか
今回お話を伺った谷居さんは、ミニシアターや小さい劇場がほしいとおっしゃっていた。また、趣味でできる程度の小さいお店や場所があるといいというお話も伺った。許可や手続きがなく、自由に活動ができる場所がほしいと。
浦和は文化度が高く、画廊やギャラリーなどの文化的スポットが多くあり、芸術に対して理解がある地域だと感じられる。そのような土壌を活かして、今後は芸術活動だけでなく地域交流の場となるような場所が数多くあることが求められているのではないか。","[{""heading"":""お店を開いたきっかけ"",""paragraphs"":[""谷居さんたちは2007 年からNPO法人クッキープロジェクトで障がいのある方のクッキー作りをサポート・販売する活動をしてきた。2017 年には埼玉県立小児医療センター内に常設のアンテナショップを開店したが、お客さんは病院に来る人に限られてしまうため一般向けのカフェを開きたいという思いがあった。そんな時、「コミューンときわ」というコミュニティマンションに出会った。スロープや多目的トイレが整備され様々な世帯向け住戸があるなど、寝に帰るだけではない住宅に魅力を感じてここに「マーブルテラス」をオープンした。""]},{""heading"":""地域交流の場として"",""paragraphs"":[""飲食を軸として地域交流の場となっている。"",""これまでにテラスでワークショップやコンサートを行った。また、店内の壁を利用した写真展などの企画展も開催している。コミューンときわの中庭では、さいたま国際芸術祭コーディネーターの浅見俊哉さんのワークショップも行われた。来客層としては、近所に住むシニアの方や子育て中のお母さんたちが多く訪れている。コミューンときわの住民同士の交流も盛んで、住民の方もよく訪れるそうだ。"",""一方でコロナの影響もあり、集客に苦慮しているという。""]},{""heading"":""今後お店をどんな場所にしていきたいか"",""paragraphs"":[""「マーブルテラスを、公民館のような役割を持った集まりができる場所にしたい。もちろん障がいのある方も気兼ねなく利用できるお店にしたい」とお話しされていた。"",""クッキープロジェクトの活動で大事なキーワードである「まぜこぜ」を大切にしていきたいとのお話だった。"",""「まぜこぜ」という言葉は、障がいがある人もない人も、大人も子どもも、会社員も学生も色々な人が関わりあえる社会にしたいという、クッキープロジェクトの理念から来ている。マーブルテラスもそのような色々な人が交わる場所にしたいそうだ。""]},{""heading"":""どのような場・施設があると良いか"",""paragraphs"":[""今回お話を伺った谷居さんは、ミニシアターや小さい劇場がほしいとおっしゃっていた。また、趣味でできる程度の小さいお店や場所があるといいというお話も伺った。許可や手続きがなく、自由に活動ができる場所がほしいと。"",""浦和は文化度が高く、画廊やギャラリーなどの文化的スポットが多くあり、芸術に対して理解がある地域だと感じられる。そのような土壌を活かして、今後は芸術活動だけでなく地域交流の場となるような場所が数多くあることが求められているのではないか。""]}]",1006,https://artscouncil-saitama.jp/wp-content/uploads/2024/11/asset-1-23-1280x720.jpg,"[{""role"":""eyecatch"",""url"":""https://artscouncil-saitama.jp/wp-content/uploads/2024/11/asset-1-23-1280x720.jpg"",""alt"":"""",""width"":null,""height"":null,""local_path"":""images/ACS0019/01-eyecatch.webp"",""webp_width"":1280,""webp_height"":720,""source_bytes"":1121530,""webp_bytes"":115340,""download_status"":""取得済み"",""download_error"":""""},{""role"":""body"",""url"":""https://artscouncil-saitama.jp/wp-content/uploads/2024/11/asset-2-22.jpg"",""alt"":"""",""width"":1280,""height"":853,""local_path"":""images/ACS0019/02-body.webp"",""webp_width"":1280,""webp_height"":853,""source_bytes"":1802183,""webp_bytes"":101810,""download_status"":""取得済み"",""download_error"":""""},{""role"":""body"",""url"":""https://artscouncil-saitama.jp/wp-content/uploads/2024/11/asset-3-22.jpg"",""alt"":"""",""width"":1280,""height"":853,""local_path"":""images/ACS0019/03-body.webp"",""webp_width"":1280,""webp_height"":853,""source_bytes"":2099407,""webp_bytes"":137112,""download_status"":""取得済み"",""download_error"":""""}]",3,"{""住所"":""さいたま市浦和区常盤10-21-9 コミューンときわ1"",""電話番号"":""048-717-1689"",""取材対応"":""谷居 早智世"",""HP/SNS"":""ウェブサイト\nFacebook\nInstagram""}",さいたま市浦和区常盤10-21-9 コミューンときわ1,048-717-1689,取材対応: 谷居 早智世,"ウェブサイト
Facebook
Instagram",2024-11-26T10:00:00,2025-02-02T22:02:57,https://artscouncil-saitama.jp/library/survey/marble-terrace/,2026-08-02,取得済み,,著作物（オープンデータ対象外）,© Saitama City Cultural Promotion Foundation / アーツカウンシルさいたま,公式サイトの著作権表示・利用条件に従うこと。オープンデータCSVとは分離して利用する。,images/ACS0019/01-eyecatch.webp,3,354262
20,ACS0020,748,rojiuragarage-market,路地裏Garage Market,若者たちの魅力が湧き溢れる「パワースポット」楽しい発信ひろば・交流ひろば基地,令和3年度,オーナーの横山拓さん（3３歳）は思い立ったらすぐ始める行動派。2011年に自作のキャンピングカーを完成させ「旅商人珈琲屋」としてコーヒーを販売しながら日本一周の旅に。東日本大震災の時から災害現場でのボランティア活動が始まり、災害NＰO「チーム旅商人」を立ち上げる。日本一周、様々な出会いと経験を経て、生まれ育った地元・与野を盛り上げたいという想いで「路地裏Ga…,"オープンのきっかけ、経緯は？
オーナーの横山拓さん（3３歳）は思い立ったらすぐ始める行動派。2011年に自作のキャンピングカーを完成させ「旅商人珈琲屋」としてコーヒーを販売しながら日本一周の旅に。東日本大震災の時から災害現場でのボランティア活動が始まり、災害NＰO「チーム旅商人」を立ち上げる。日本一周、様々な出会いと経験を経て、生まれ育った地元・与野を盛り上げたいという想いで「路地裏Garage Market」を2014年11月にオープンさせたそうです。

どんな場所なの？
施設の形態はマルシェ方式。ここに集まる人々は様々、オーナーのコーヒー販売をはじめ、ごはん屋さん、オーガニック野菜、お菓子、こだわりのアジアン雑貨販売、占い、マッサージ、音楽ライブ、アートカレッジ等、たのしさのごちゃまぜの場所です。

アートとの繋がりと未来展望は？
開店当初からマルシェに出店する方たち。2017年から「寿の色さん」を講師に始まった「アートカレッジ」が進められている。これからも“かかわる全ての人で創るサグラダファミリア”として、いろんなアーティスト方にかかわって欲しいそうです。
来年は何か新しいことに挑戦したいと、熱く語ってくれました。これからも目が離せない路地裏でした。","[{""heading"":""オープンのきっかけ、経緯は？"",""paragraphs"":[""オーナーの横山拓さん（3３歳）は思い立ったらすぐ始める行動派。2011年に自作のキャンピングカーを完成させ「旅商人珈琲屋」としてコーヒーを販売しながら日本一周の旅に。東日本大震災の時から災害現場でのボランティア活動が始まり、災害NＰO「チーム旅商人」を立ち上げる。日本一周、様々な出会いと経験を経て、生まれ育った地元・与野を盛り上げたいという想いで「路地裏Garage Market」を2014年11月にオープンさせたそうです。""]},{""heading"":""どんな場所なの？"",""paragraphs"":[""施設の形態はマルシェ方式。ここに集まる人々は様々、オーナーのコーヒー販売をはじめ、ごはん屋さん、オーガニック野菜、お菓子、こだわりのアジアン雑貨販売、占い、マッサージ、音楽ライブ、アートカレッジ等、たのしさのごちゃまぜの場所です。""]},{""heading"":""アートとの繋がりと未来展望は？"",""paragraphs"":[""開店当初からマルシェに出店する方たち。2017年から「寿の色さん」を講師に始まった「アートカレッジ」が進められている。これからも“かかわる全ての人で創るサグラダファミリア”として、いろんなアーティスト方にかかわって欲しいそうです。"",""来年は何か新しいことに挑戦したいと、熱く語ってくれました。これからも目が離せない路地裏でした。""]}]",536,https://artscouncil-saitama.jp/wp-content/uploads/2024/11/asset-4-1-1280x720.jpg,"[{""role"":""eyecatch"",""url"":""https://artscouncil-saitama.jp/wp-content/uploads/2024/11/asset-4-1-1280x720.jpg"",""alt"":"""",""width"":null,""height"":null,""local_path"":""images/ACS0020/01-eyecatch.webp"",""webp_width"":1280,""webp_height"":720,""source_bytes"":1086883,""webp_bytes"":109144,""download_status"":""取得済み"",""download_error"":""""},{""role"":""body"",""url"":""https://artscouncil-saitama.jp/wp-content/uploads/2024/11/asset-1-17.jpg"",""alt"":"""",""width"":1280,""height"":660,""local_path"":""images/ACS0020/02-body.webp"",""webp_width"":1280,""webp_height"":660,""source_bytes"":1610611,""webp_bytes"":87072,""download_status"":""取得済み"",""download_error"":""""},{""role"":""body"",""url"":""https://artscouncil-saitama.jp/wp-content/uploads/2024/11/asset-2-16.jpg"",""alt"":"""",""width"":1280,""height"":750,""local_path"":""images/ACS0020/03-body.webp"",""webp_width"":1280,""webp_height"":750,""source_bytes"":1933672,""webp_bytes"":114332,""download_status"":""取得済み"",""download_error"":""""},{""role"":""body"",""url"":""https://artscouncil-saitama.jp/wp-content/uploads/2024/11/asset-3-17.jpg"",""alt"":"""",""width"":1280,""height"":854,""local_path"":""images/ACS0020/04-body.webp"",""webp_width"":1280,""webp_height"":854,""source_bytes"":1987337,""webp_bytes"":128020,""download_status"":""取得済み"",""download_error"":""""},{""role"":""body"",""url"":""https://artscouncil-saitama.jp/wp-content/uploads/2024/11/asset-5-1.jpg"",""alt"":"""",""width"":1280,""height"":854,""local_path"":""images/ACS0020/05-body.webp"",""webp_width"":1280,""webp_height"":854,""source_bytes"":1925850,""webp_bytes"":108660,""download_status"":""取得済み"",""download_error"":""""}]",5,"{""住所"":""さいたま市中央区鈴谷7-7-3"",""電話番号"":""090-4458-6349"",""代表"":""横山 拓"",""HP/SNS"":""ウェブサイト\nFacebook\nInstagram\nX""}",さいたま市中央区鈴谷7-7-3,090-4458-6349,代表: 横山 拓,"ウェブサイト
Facebook
Instagram
X",2024-11-19T10:00:00,2025-02-20T00:46:25,https://artscouncil-saitama.jp/library/survey/rojiuragarage-market/,2026-08-02,取得済み,,著作物（オープンデータ対象外）,© Saitama City Cultural Promotion Foundation / アーツカウンシルさいたま,公式サイトの著作権表示・利用条件に従うこと。オープンデータCSVとは分離して利用する。,images/ACS0020/01-eyecatch.webp,5,547228
21,ACS0021,766,esora2,ギャラリー＆カフェ エソラⅡ,伝説の文化サロンを見沼で引き継ぐ,令和4年度,大宮駅東口からバスで約15分。芝川や産業道路をこえ、住宅街と公営団地の間にギャラリー&カフェ エソラIIがある。バスや自動車が行き交う道に面するが、バラに囲まれた白い建物は、別の時間が流れているよう。お店の窓から眺めることができる庭は、毎年参加している見沼区主催のオープンガーデンでも好評だ。５月には優美に咲き誇るバラの花も楽しむことができるお店となっている。…,"花々に囲まれた清楚な空間
大宮駅東口からバスで約15分。芝川や産業道路をこえ、住宅街と公営団地の間にギャラリー&カフェ エソラIIがある。バスや自動車が行き交う道に面するが、バラに囲まれた白い建物は、別の時間が流れているよう。お店の窓から眺めることができる庭は、毎年参加している見沼区主催のオープンガーデンでも好評だ。５月には優美に咲き誇るバラの花も楽しむことができるお店となっている。このギャラリーはどのように始まったのだろう。オーナーにお話を伺った。

ギャラリーを始めたきっかけ
定年も近くなった頃、次は何をしようかと考えていた。学生時代は美術部で油絵をやっていた。先輩が国立市でエソラというサロンをしていて、文化人のたまりばになっていた。その先輩がやっていたサロンは残念ながらなくなってしまったが、そういったことをしようと思った。ちょうど妻の実家の土地があったこともあり、この場所でギャラリーを７年ほど前に始めた。

ギャラリーをするにあたってのこだわり
この建物の設計は工務店に依頼したが、壁面画が最大限にとれるようにこだわった。コンサートなどもできるような設計にしてある。
建材や装飾も可能な範囲でこだわった、とオーナーが語る空間は天井は高く、カフェスペース、展示スペースも広々。また、奥様がセレクトした素敵な文具や小物も置かれている。
作品鑑賞、友人とのおしゃべり、ひとりの時間…それぞれが自由な時間を過ごすことができる。展示に捉われないマルチな空間を目指しているそう。

これからチャレンジしたいこと
地元の郷土史グループとのお付き合いでカルチャー講座的な企画もしている。また、地域包括センターからの依頼もあって3月にはおしゃべりカフェを開催。地域へも貢献していけたらと思う。","[{""heading"":""花々に囲まれた清楚な空間"",""paragraphs"":[""大宮駅東口からバスで約15分。芝川や産業道路をこえ、住宅街と公営団地の間にギャラリー&カフェ エソラIIがある。バスや自動車が行き交う道に面するが、バラに囲まれた白い建物は、別の時間が流れているよう。お店の窓から眺めることができる庭は、毎年参加している見沼区主催のオープンガーデンでも好評だ。５月には優美に咲き誇るバラの花も楽しむことができるお店となっている。このギャラリーはどのように始まったのだろう。オーナーにお話を伺った。""]},{""heading"":""ギャラリーを始めたきっかけ"",""paragraphs"":[""定年も近くなった頃、次は何をしようかと考えていた。学生時代は美術部で油絵をやっていた。先輩が国立市でエソラというサロンをしていて、文化人のたまりばになっていた。その先輩がやっていたサロンは残念ながらなくなってしまったが、そういったことをしようと思った。ちょうど妻の実家の土地があったこともあり、この場所でギャラリーを７年ほど前に始めた。""]},{""heading"":""ギャラリーをするにあたってのこだわり"",""paragraphs"":[""この建物の設計は工務店に依頼したが、壁面画が最大限にとれるようにこだわった。コンサートなどもできるような設計にしてある。"",""建材や装飾も可能な範囲でこだわった、とオーナーが語る空間は天井は高く、カフェスペース、展示スペースも広々。また、奥様がセレクトした素敵な文具や小物も置かれている。"",""作品鑑賞、友人とのおしゃべり、ひとりの時間…それぞれが自由な時間を過ごすことができる。展示に捉われないマルチな空間を目指しているそう。""]},{""heading"":""これからチャレンジしたいこと"",""paragraphs"":[""地元の郷土史グループとのお付き合いでカルチャー講座的な企画もしている。また、地域包括センターからの依頼もあって3月にはおしゃべりカフェを開催。地域へも貢献していけたらと思う。""]}]",746,https://artscouncil-saitama.jp/wp-content/uploads/2024/11/%E3%82%A2%E3%82%BB%E3%83%83%E3%83%88-1-1-1280x720.jpg,"[{""role"":""eyecatch"",""url"":""https://artscouncil-saitama.jp/wp-content/uploads/2024/11/%E3%82%A2%E3%82%BB%E3%83%83%E3%83%88-1-1-1280x720.jpg"",""alt"":"""",""width"":null,""height"":null,""local_path"":""images/ACS0021/01-eyecatch.webp"",""webp_width"":1280,""webp_height"":720,""source_bytes"":1049014,""webp_bytes"":86100,""download_status"":""取得済み"",""download_error"":""""},{""role"":""body"",""url"":""https://artscouncil-saitama.jp/wp-content/uploads/2024/11/%E3%82%A2%E3%82%BB%E3%83%83%E3%83%88-2-1.jpg"",""alt"":"""",""width"":1280,""height"":854,""local_path"":""images/ACS0021/02-body.webp"",""webp_width"":1280,""webp_height"":854,""source_bytes"":1703830,""webp_bytes"":57460,""download_status"":""取得済み"",""download_error"":""""},{""role"":""body"",""url"":""https://artscouncil-saitama.jp/wp-content/uploads/2024/11/%E3%82%A2%E3%82%BB%E3%83%83%E3%83%88-3-1.jpg"",""alt"":"""",""width"":1280,""height"":856,""local_path"":""images/ACS0021/03-body.webp"",""webp_width"":1280,""webp_height"":856,""source_bytes"":1742006,""webp_bytes"":69906,""download_status"":""取得済み"",""download_error"":""""}]",3,"{""住所"":""さいたま市見沼区東新井588-1"",""電話番号"":""070-4094-6068"",""代表"":""室越 光夫"",""HP/SNS"":""Instagram""}",さいたま市見沼区東新井588-1,070-4094-6068,代表: 室越 光夫,Instagram,2024-11-01T10:00:00,2025-02-20T00:41:34,https://artscouncil-saitama.jp/library/survey/esora2/,2026-08-02,取得済み,,著作物（オープンデータ対象外）,© Saitama City Cultural Promotion Foundation / アーツカウンシルさいたま,公式サイトの著作権表示・利用条件に従うこと。オープンデータCSVとは分離して利用する。,images/ACS0021/01-eyecatch.webp,3,213466
22,ACS0022,765,kusu-kusu,ギャラリー樟楠（kusu kusu）,「クスっ」っと笑ってしまう!こだわりの空間,令和4年度,さいたま新都心駅から歩いて７分ほど。レストラン、お菓子屋さん、そしてギャラリースペースが隣接しているお洒落な雰囲気が漂うエリア、アルピーノ村がある。,"木造のおしゃれな空間
さいたま新都心駅から歩いて７分ほど。レストラン、お菓子屋さん、そしてギャラリースペースが隣接しているお洒落な雰囲気が漂うエリア、アルピーノ村がある。
アルピーノ村には絵画を扱う「銀花ギャラリー」と、陶器や工芸品などを扱う「ギャラリー樟楠」 があり、今回紹介するギャラリー樟楠は120年前に建てられた古民家だ。風情ある庭をくぐって中に入ると、陶器や但馬木彫といった工芸品が落ち着いた空間に所狭しと広がり、訪問者を迎えてくれる。

じっくりと作品と向き合うことで感性を磨く
展示作家やアーティストへのこだわりについて、オーナーの阪健志さんにお話しを伺った。「やきものは、まずは自分で買って使ってみる。1ヶ月くらい経っても使い続けたいと感じる作品を選ぶようにしている」と、ご自身が作品と向き合う時間をつくるそう。自分がいいと思ったものだけを取り扱うこだわりが伝わってくる。実は、釣りの腕前も一流の阪さん。「釣りをしていると自然と向き合う感覚になり、アイディアが生まれる」と言う。物事とじっくり向き合い感性を磨いてきた阪さんが選ぶからこそ、ここでは特別な作品に出会うことができる。

高尚な「ギャラリー」ではなく親しみやすい空間を
阪さん曰く、「ギャラリー」に来るお客さまは、一回りしてすぐに帰ってしまうケースが多いそう。例えば子連れのお客さまの第一声は「触っちゃダメよ！」となる。でもそうではなく、作品に触れなさそうな人たちにぜひ手に取ってもらいたいと言う。阪さんは、子どもが来たら「どの作品が一番好き」かを聞き、ゆっくり観るきっかけをつくる。ギャラリー樟楠に来たら、作品を手に取って観てほしい。何よりリラックスしてほしい。という強いこだわりがある。そうでなければ、本当の作品の良さは伝わりにくい。思わず「クスっ」と笑ってしまうような空間をつくりたいと言う。

これからのチャレンジとさいたま市の芸術祭について
これからチャレンジしたいことについて「アルピーノ村では記念日にレストランで食事して、ギャラリーで記念に食器を購入する方もいる。そういったお客さまの人生の節目に関わる存在となれるよう、各店舗のつながりをもっと強化したい」と言う。地元で芸術祭を開催することについては、「芸術祭を実施することは賛成。市民がアートに親しむきっかけになってほしい」と期待する一方で、「市民にもっと根付かせてほしい」と課題も。じっくり地域に根付いてきたギャラリー樟楠と阪さん。日常の芸術がギュっと詰まったアルピーノ村とギャラリー樟楠。ぜひ1度訪れて、作品を手にとってみて欲しい。","[{""heading"":""木造のおしゃれな空間"",""paragraphs"":[""さいたま新都心駅から歩いて７分ほど。レストラン、お菓子屋さん、そしてギャラリースペースが隣接しているお洒落な雰囲気が漂うエリア、アルピーノ村がある。"",""アルピーノ村には絵画を扱う「銀花ギャラリー」と、陶器や工芸品などを扱う「ギャラリー樟楠」 があり、今回紹介するギャラリー樟楠は120年前に建てられた古民家だ。風情ある庭をくぐって中に入ると、陶器や但馬木彫といった工芸品が落ち着いた空間に所狭しと広がり、訪問者を迎えてくれる。""]},{""heading"":""じっくりと作品と向き合うことで感性を磨く"",""paragraphs"":[""展示作家やアーティストへのこだわりについて、オーナーの阪健志さんにお話しを伺った。「やきものは、まずは自分で買って使ってみる。1ヶ月くらい経っても使い続けたいと感じる作品を選ぶようにしている」と、ご自身が作品と向き合う時間をつくるそう。自分がいいと思ったものだけを取り扱うこだわりが伝わってくる。実は、釣りの腕前も一流の阪さん。「釣りをしていると自然と向き合う感覚になり、アイディアが生まれる」と言う。物事とじっくり向き合い感性を磨いてきた阪さんが選ぶからこそ、ここでは特別な作品に出会うことができる。""]},{""heading"":""高尚な「ギャラリー」ではなく親しみやすい空間を"",""paragraphs"":[""阪さん曰く、「ギャラリー」に来るお客さまは、一回りしてすぐに帰ってしまうケースが多いそう。例えば子連れのお客さまの第一声は「触っちゃダメよ！」となる。でもそうではなく、作品に触れなさそうな人たちにぜひ手に取ってもらいたいと言う。阪さんは、子どもが来たら「どの作品が一番好き」かを聞き、ゆっくり観るきっかけをつくる。ギャラリー樟楠に来たら、作品を手に取って観てほしい。何よりリラックスしてほしい。という強いこだわりがある。そうでなければ、本当の作品の良さは伝わりにくい。思わず「クスっ」と笑ってしまうような空間をつくりたいと言う。""]},{""heading"":""これからのチャレンジとさいたま市の芸術祭について"",""paragraphs"":[""これからチャレンジしたいことについて「アルピーノ村では記念日にレストランで食事して、ギャラリーで記念に食器を購入する方もいる。そういったお客さまの人生の節目に関わる存在となれるよう、各店舗のつながりをもっと強化したい」と言う。地元で芸術祭を開催することについては、「芸術祭を実施することは賛成。市民がアートに親しむきっかけになってほしい」と期待する一方で、「市民にもっと根付かせてほしい」と課題も。じっくり地域に根付いてきたギャラリー樟楠と阪さん。日常の芸術がギュっと詰まったアルピーノ村とギャラリー樟楠。ぜひ1度訪れて、作品を手にとってみて欲しい。""]}]",1089,https://artscouncil-saitama.jp/wp-content/uploads/2024/11/%E3%82%A2%E3%82%BB%E3%83%83%E3%83%88-1-2-1280x720.jpg,"[{""role"":""eyecatch"",""url"":""https://artscouncil-saitama.jp/wp-content/uploads/2024/11/%E3%82%A2%E3%82%BB%E3%83%83%E3%83%88-1-2-1280x720.jpg"",""alt"":"""",""width"":null,""height"":null,""local_path"":""images/ACS0022/01-eyecatch.webp"",""webp_width"":1280,""webp_height"":720,""source_bytes"":1016777,""webp_bytes"":74094,""download_status"":""取得済み"",""download_error"":""""},{""role"":""body"",""url"":""https://artscouncil-saitama.jp/wp-content/uploads/2024/11/%E3%82%A2%E3%82%BB%E3%83%83%E3%83%88-2-2.jpg"",""alt"":"""",""width"":1280,""height"":853,""local_path"":""images/ACS0022/02-body.webp"",""webp_width"":1280,""webp_height"":853,""source_bytes"":1950487,""webp_bytes"":99878,""download_status"":""取得済み"",""download_error"":""""},{""role"":""body"",""url"":""https://artscouncil-saitama.jp/wp-content/uploads/2024/11/%E3%82%A2%E3%82%BB%E3%83%83%E3%83%88-3-2.jpg"",""alt"":"""",""width"":1280,""height"":853,""local_path"":""images/ACS0022/03-body.webp"",""webp_width"":1280,""webp_height"":853,""source_bytes"":1943143,""webp_bytes"":100586,""download_status"":""取得済み"",""download_error"":""""}]",3,"{""住所"":""さいたま市大宮区北袋町1-147"",""電話番号"":""048-641-9156"",""オーナー"":""阪 健志"",""HP/SNS"":""ウェブサイト""}",さいたま市大宮区北袋町1-147,048-641-9156,オーナー: 阪 健志,ウェブサイト,2024-11-02T10:00:00,2025-02-02T20:43:48,https://artscouncil-saitama.jp/library/survey/kusu-kusu/,2026-08-02,取得済み,,著作物（オープンデータ対象外）,© Saitama City Cultural Promotion Foundation / アーツカウンシルさいたま,公式サイトの著作権表示・利用条件に従うこと。オープンデータCSVとは分離して利用する。,images/ACS0022/01-eyecatch.webp,3,274558
23,ACS0023,763,galleryken,ギャラリー健,創作好きな2歳～90歳の方々が楽しく学んでいる彫刻工房・陶芸工房・絵画教室に併設された「ギャラリー」,令和4年度,「ギャラリー健」は、2008年に浦和造形研究所の１階の一部に開設。,"オープンのきっかけ、経緯は？
「ギャラリー健」は、2008年に浦和造形研究所の１階の一部に開設。
浦和造形研究所の創始者である彫刻家 金子健二の遺作展を行い、その後も金子健二に関わったアーティストたちの個展やグループ展を開くために展示施設を整備したことに始まる。
ギャラリーの開設以来、定期的に企画展を開催するとともに、貸しギャラリーとして運営している。名称は金子健二の一文字「健」をとった。

どんな場所なの？
浦和造形研究所は1976年に創設された美術教室であり、JR埼京線中浦和駅西口から徒歩１分の場所にある。
現在は、子供造形教室や大人のための絵画・陶芸・彫刻教室などを運営している。
さいたま国際芸術祭でもアーティストとして活動し、造形作家としても活躍している「寿の色」さんが、小学生の頃からこちらの造形教室で学んでいた。
通ってきている方たちがギャラリーで、個展やグループ展を開ける環境も魅力の１つ。

アートとの繋がりと未来展望は？
ギャラリー健は、定期開催の企画展以外の期間は貸しギャラリーの形態で運営している。
市民と地元の美術家が継続的に関わり続け、共に成長していけるプロジェクトとして実施されている「美術と街巡り・浦和」の会場の一つとして参加している。
定期開催の企画展としては、各教室の生徒さんや講師の方々の個展やグループ展、テーマ展を開催している。
今後のギャラリー展開については、造形教室の魅力をベースに、より一層地域から愛されるっ場所として継続していくことを意識している。","[{""heading"":""オープンのきっかけ、経緯は？"",""paragraphs"":[""「ギャラリー健」は、2008年に浦和造形研究所の１階の一部に開設。"",""浦和造形研究所の創始者である彫刻家 金子健二の遺作展を行い、その後も金子健二に関わったアーティストたちの個展やグループ展を開くために展示施設を整備したことに始まる。"",""ギャラリーの開設以来、定期的に企画展を開催するとともに、貸しギャラリーとして運営している。名称は金子健二の一文字「健」をとった。""]},{""heading"":""どんな場所なの？"",""paragraphs"":[""浦和造形研究所は1976年に創設された美術教室であり、JR埼京線中浦和駅西口から徒歩１分の場所にある。"",""現在は、子供造形教室や大人のための絵画・陶芸・彫刻教室などを運営している。"",""さいたま国際芸術祭でもアーティストとして活動し、造形作家としても活躍している「寿の色」さんが、小学生の頃からこちらの造形教室で学んでいた。"",""通ってきている方たちがギャラリーで、個展やグループ展を開ける環境も魅力の１つ。""]},{""heading"":""アートとの繋がりと未来展望は？"",""paragraphs"":[""ギャラリー健は、定期開催の企画展以外の期間は貸しギャラリーの形態で運営している。"",""市民と地元の美術家が継続的に関わり続け、共に成長していけるプロジェクトとして実施されている「美術と街巡り・浦和」の会場の一つとして参加している。"",""定期開催の企画展としては、各教室の生徒さんや講師の方々の個展やグループ展、テーマ展を開催している。"",""今後のギャラリー展開については、造形教室の魅力をベースに、より一層地域から愛されるっ場所として継続していくことを意識している。""]}]",651,https://artscouncil-saitama.jp/wp-content/uploads/2024/11/%E3%82%A2%E3%82%BB%E3%83%83%E3%83%88-1-4-1280x720.jpg,"[{""role"":""eyecatch"",""url"":""https://artscouncil-saitama.jp/wp-content/uploads/2024/11/%E3%82%A2%E3%82%BB%E3%83%83%E3%83%88-1-4-1280x720.jpg"",""alt"":"""",""width"":null,""height"":null,""local_path"":""images/ACS0023/01-eyecatch.webp"",""webp_width"":1280,""webp_height"":720,""source_bytes"":1190480,""webp_bytes"":153260,""download_status"":""取得済み"",""download_error"":""""},{""role"":""body"",""url"":""https://artscouncil-saitama.jp/wp-content/uploads/2024/11/%E3%82%A2%E3%82%BB%E3%83%83%E3%83%88-2-3.jpg"",""alt"":"""",""width"":1280,""height"":854,""local_path"":""images/ACS0023/02-body.webp"",""webp_width"":1280,""webp_height"":854,""source_bytes"":1757741,""webp_bytes"":112958,""download_status"":""取得済み"",""download_error"":""""},{""role"":""body"",""url"":""https://artscouncil-saitama.jp/wp-content/uploads/2024/11/%E3%82%A2%E3%82%BB%E3%83%83%E3%83%88-3-4.jpg"",""alt"":"""",""width"":1280,""height"":854,""local_path"":""images/ACS0023/03-body.webp"",""webp_width"":1280,""webp_height"":854,""source_bytes"":2556598,""webp_bytes"":232492,""download_status"":""取得済み"",""download_error"":""""}]",3,"{""住所"":""さいたま市南区関1-1-3"",""電話番号"":""048-862-4464"",""代表"":""金子 希望"",""HP/SNS"":""ウェブサイト""}",さいたま市南区関1-1-3,048-862-4464,代表: 金子 希望,ウェブサイト,2024-11-04T10:00:00,2025-02-02T21:17:46,https://artscouncil-saitama.jp/library/survey/galleryken/,2026-08-02,取得済み,,著作物（オープンデータ対象外）,© Saitama City Cultural Promotion Foundation / アーツカウンシルさいたま,公式サイトの著作権表示・利用条件に従うこと。オープンデータCSVとは分離して利用する。,images/ACS0023/01-eyecatch.webp,3,498710
24,ACS0024,767,wood-power,木力館,岩槻にある木の博物館、木の情報発信基,令和4年度,木力館は日本でも珍しい木を専門とする博物館。ポプラの丸太を大黒柱にした86坪の天然木建築の館で、伝統的な工法で建築されている。木がふんだんに使われ、本物の木が生み出す香りと温もりにあふれている。,"木力館を開設した背景は？
木力館は日本でも珍しい木を専門とする博物館。ポプラの丸太を大黒柱にした86坪の天然木建築の館で、伝統的な工法で建築されている。木がふんだんに使われ、本物の木が生み出す香りと温もりにあふれている。
半世紀を木材とともに過ごした館長は、日本における森林崩壊や林業の衰退、健康に好ましくない住宅の増加などの問題の根っこに、人々が木や自然素材のすばらしさを余りにも知らない、知る機会が少ないということに気付き、木や自然素材、森林や環境問題について情報を発信し、木を実際に体験できる場が必要だと考えた。

五感で体感することの大切さ
木についての知識を提供する館内では、実物の木片を実際に見て、触って、香りをかいで特徴を知ることができる。
「言葉や文章だけでは、本当に理解してもらうことはできません。学びだけでなく、五感で感じて、特に“木の香り”を体感して貰うことが大切なのです。五感は忘れない、木の香りが体の記憶として残るのです。」
館長は、特にこどもの学びの場を大切に考えている。環境はこどもの将来にとってとても大切なこと。そして、大人も含めて木を知り、木の良さをリアルに体感できる場として、木力館が存在している。

精力的な活動
岩槻の開智学園では、17年間毎年、小学4年生を対象に木の授業を行い、実際に製材の体験を通して“木の香り”を体感する機会を創っている。
また、さいたま市、越谷市、春日部市の公立・認可保育園305箇所に、館長が手作りした埼玉県産桧の積み木を寄贈している。なぜ積み木を寄贈するのだろうか？
「地元県産の木の魅力と森林の必要性などに関心持ってほしいのです。豊かな森林によって美味しい空気、水などがいただけるありがたみを感じてほしいと思います。」
地道な活動と環境問題への取り組みの貢献に対して、それぞれの市から感謝状が贈られている。

地域との繋がり
木力館の開放的な二階スペースでコンサートを開催したり、木力館で夏祭りを企画し、小屋組みを組んで餅まきを行ったりと、地域での活動も盛んだ。また、地元岩槻での他のアート拠点との繋がりも今後期待されている。
「日本の木のことを多くの日本人に知ってもらいたい。生き物は自然に逆らって生きることはできません。人も同じく、自然と共生することが大切だと思うのです。自然は噓をつかない。これは私（おやじ）が体験した結論です。」
「多くの人に木力館を訪れていただき、木に触れて、木のことをもっと知ってほしいと思います。」
館長の挑戦は続く。","[{""heading"":""木力館を開設した背景は？"",""paragraphs"":[""木力館は日本でも珍しい木を専門とする博物館。ポプラの丸太を大黒柱にした86坪の天然木建築の館で、伝統的な工法で建築されている。木がふんだんに使われ、本物の木が生み出す香りと温もりにあふれている。"",""半世紀を木材とともに過ごした館長は、日本における森林崩壊や林業の衰退、健康に好ましくない住宅の増加などの問題の根っこに、人々が木や自然素材のすばらしさを余りにも知らない、知る機会が少ないということに気付き、木や自然素材、森林や環境問題について情報を発信し、木を実際に体験できる場が必要だと考えた。""]},{""heading"":""五感で体感することの大切さ"",""paragraphs"":[""木についての知識を提供する館内では、実物の木片を実際に見て、触って、香りをかいで特徴を知ることができる。"",""「言葉や文章だけでは、本当に理解してもらうことはできません。学びだけでなく、五感で感じて、特に“木の香り”を体感して貰うことが大切なのです。五感は忘れない、木の香りが体の記憶として残るのです。」"",""館長は、特にこどもの学びの場を大切に考えている。環境はこどもの将来にとってとても大切なこと。そして、大人も含めて木を知り、木の良さをリアルに体感できる場として、木力館が存在している。""]},{""heading"":""精力的な活動"",""paragraphs"":[""岩槻の開智学園では、17年間毎年、小学4年生を対象に木の授業を行い、実際に製材の体験を通して“木の香り”を体感する機会を創っている。"",""また、さいたま市、越谷市、春日部市の公立・認可保育園305箇所に、館長が手作りした埼玉県産桧の積み木を寄贈している。なぜ積み木を寄贈するのだろうか？"",""「地元県産の木の魅力と森林の必要性などに関心持ってほしいのです。豊かな森林によって美味しい空気、水などがいただけるありがたみを感じてほしいと思います。」"",""地道な活動と環境問題への取り組みの貢献に対して、それぞれの市から感謝状が贈られている。""]},{""heading"":""地域との繋がり"",""paragraphs"":[""木力館の開放的な二階スペースでコンサートを開催したり、木力館で夏祭りを企画し、小屋組みを組んで餅まきを行ったりと、地域での活動も盛んだ。また、地元岩槻での他のアート拠点との繋がりも今後期待されている。"",""「日本の木のことを多くの日本人に知ってもらいたい。生き物は自然に逆らって生きることはできません。人も同じく、自然と共生することが大切だと思うのです。自然は噓をつかない。これは私（おやじ）が体験した結論です。」\n「多くの人に木力館を訪れていただき、木に触れて、木のことをもっと知ってほしいと思います。」"",""館長の挑戦は続く。""]}]",1059,https://artscouncil-saitama.jp/wp-content/uploads/2024/10/%E3%82%A2%E3%82%BB%E3%83%83%E3%83%88-1-6-1280x720.jpg,"[{""role"":""eyecatch"",""url"":""https://artscouncil-saitama.jp/wp-content/uploads/2024/10/%E3%82%A2%E3%82%BB%E3%83%83%E3%83%88-1-6-1280x720.jpg"",""alt"":"""",""width"":null,""height"":null,""local_path"":""images/ACS0024/01-eyecatch.webp"",""webp_width"":1280,""webp_height"":720,""source_bytes"":1185957,""webp_bytes"":158418,""download_status"":""取得済み"",""download_error"":""""},{""role"":""body"",""url"":""https://artscouncil-saitama.jp/wp-content/uploads/2024/10/%E3%82%A2%E3%82%BB%E3%83%83%E3%83%88-2-6.jpg"",""alt"":"""",""width"":1280,""height"":854,""local_path"":""images/ACS0024/02-body.webp"",""webp_width"":1280,""webp_height"":854,""source_bytes"":1947838,""webp_bytes"":92110,""download_status"":""取得済み"",""download_error"":""""}]",2,"{""住所"":""さいたま市岩槻区新方須賀558-2"",""電話番号"":""048-799-1560"",""木力館 館長"":""大槻 忠男"",""HP/SNS"":""ウェブサイト\nInstagram\nX""}",さいたま市岩槻区新方須賀558-2,048-799-1560,木力館 館長: 大槻 忠男,"ウェブサイト
Instagram
X",2024-10-31T10:00:00,2025-05-30T15:59:12,https://artscouncil-saitama.jp/library/survey/wood-power/,2026-08-02,取得済み,,著作物（オープンデータ対象外）,© Saitama City Cultural Promotion Foundation / アーツカウンシルさいたま,公式サイトの著作権表示・利用条件に従うこと。オープンデータCSVとは分離して利用する。,images/ACS0024/01-eyecatch.webp,2,250528
25,ACS0025,761,gallery-saikousha,彩光舎,さいたま市の美術予備校・絵画教室・ギャラリー・画材販売を運営しているマルチな美術研究所,令和4年度,オーナーの青山さん（ご先祖様は鎌倉時代に京都から浦和へ移住してきた記録が残っており、日蓮聖人を自宅に泊めたこともあるとか！）は、証券会社で働くかたわら、1967年に自宅の一画に画材店と子ども向けのお絵描き教室を開業した。その後、美術ブームを追い風に規模を拡大。脱サラ後は大人向けの絵画教室に続き、美大進学を目指す予備校「彩光舎美術研究所」をスタート。現在は、週…,"オープンのきっかけ、経緯は？
オーナーの青山さん（ご先祖様は鎌倉時代に京都から浦和へ移住してきた記録が残っており、日蓮聖人を自宅に泊めたこともあるとか！）は、証券会社で働くかたわら、1967年に自宅の一画に画材店と子ども向けのお絵描き教室を開業した。その後、美術ブームを追い風に規模を拡大。脱サラ後は大人向けの絵画教室に続き、美大進学を目指す予備校「彩光舎美術研究所」をスタート。現在は、週替わりでアート作品を展示する画廊「ギャラリー彩光舎」もある。ちなみに彩光舎の屋号は、画材の仕入れ先だった文化堂の人に考えてもらったそう。「彩の国さいたま」というキャッチフレーズよりはるか昔から「彩」の文字をつけているのが密かな自慢。

どんな場所なの？
浦和駅西口から徒歩11分、旧中山道沿いの調神社向かいにある。ここは4歳～87歳まで、老若男女問わず絵を描くのが大好きなたくさんの人たちが美術を学びに来る総合的なアートの学び舎（まなびや）だ。
特に予備校からはこれまでに5,900人（けっこう有名な画家やマンガ家も卒業生にいますよ！）を超える美大進学者が巣立っていった。彼らのなかには次世代のアーティストを育てるため講師として戻って来る人も多い。ここは、いわばアーティストたちにとっての「実家」のような原点であり、アートと人、そして人と人とをつないでいく場所だ。

アートとの繋がりと未来展望は？
1980年頃、調神社挟んで反対側の浦和第一女子高校の美術の宮田先生から美術大学予備校開設の依頼があり、予備校をはじめる。東京藝術大学合格者を12名輩出した年もあった。今年の埼玉県展に39人入選、毎年12月にサムホール展を開催をしている。（18回目）
現在は、貸しギャラリー（43,000円/1週間）、キッズ絵画教室、大人の絵画教室、予備校と「教育」に力を入れている。特に未来をつくり続ける子どもたちへの美術教育については、時代のニーズに合わせて、今の良さを引継ぎながらもどのように実施していくかを模索し、より良い形で今後の展望につなげていく。地域を盛り上げながら、地域の人から愛される絵画教室としてどのように展開していくのかに注目。","[{""heading"":""オープンのきっかけ、経緯は？"",""paragraphs"":[""オーナーの青山さん（ご先祖様は鎌倉時代に京都から浦和へ移住してきた記録が残っており、日蓮聖人を自宅に泊めたこともあるとか！）は、証券会社で働くかたわら、1967年に自宅の一画に画材店と子ども向けのお絵描き教室を開業した。その後、美術ブームを追い風に規模を拡大。脱サラ後は大人向けの絵画教室に続き、美大進学を目指す予備校「彩光舎美術研究所」をスタート。現在は、週替わりでアート作品を展示する画廊「ギャラリー彩光舎」もある。ちなみに彩光舎の屋号は、画材の仕入れ先だった文化堂の人に考えてもらったそう。「彩の国さいたま」というキャッチフレーズよりはるか昔から「彩」の文字をつけているのが密かな自慢。""]},{""heading"":""どんな場所なの？"",""paragraphs"":[""浦和駅西口から徒歩11分、旧中山道沿いの調神社向かいにある。ここは4歳～87歳まで、老若男女問わず絵を描くのが大好きなたくさんの人たちが美術を学びに来る総合的なアートの学び舎（まなびや）だ。"",""特に予備校からはこれまでに5,900人（けっこう有名な画家やマンガ家も卒業生にいますよ！）を超える美大進学者が巣立っていった。彼らのなかには次世代のアーティストを育てるため講師として戻って来る人も多い。ここは、いわばアーティストたちにとっての「実家」のような原点であり、アートと人、そして人と人とをつないでいく場所だ。""]},{""heading"":""アートとの繋がりと未来展望は？"",""paragraphs"":[""1980年頃、調神社挟んで反対側の浦和第一女子高校の美術の宮田先生から美術大学予備校開設の依頼があり、予備校をはじめる。東京藝術大学合格者を12名輩出した年もあった。今年の埼玉県展に39人入選、毎年12月にサムホール展を開催をしている。（18回目）"",""現在は、貸しギャラリー（43,000円/1週間）、キッズ絵画教室、大人の絵画教室、予備校と「教育」に力を入れている。特に未来をつくり続ける子どもたちへの美術教育については、時代のニーズに合わせて、今の良さを引継ぎながらもどのように実施していくかを模索し、より良い形で今後の展望につなげていく。地域を盛り上げながら、地域の人から愛される絵画教室としてどのように展開していくのかに注目。""]}]",911,https://artscouncil-saitama.jp/wp-content/uploads/2024/11/%E3%82%A2%E3%82%BB%E3%83%83%E3%83%88-1-6-1280x720.jpg,"[{""role"":""eyecatch"",""url"":""https://artscouncil-saitama.jp/wp-content/uploads/2024/11/%E3%82%A2%E3%82%BB%E3%83%83%E3%83%88-1-6-1280x720.jpg"",""alt"":"""",""width"":null,""height"":null,""local_path"":""images/ACS0025/01-eyecatch.webp"",""webp_width"":1280,""webp_height"":720,""source_bytes"":1157851,""webp_bytes"":146090,""download_status"":""取得済み"",""download_error"":""""},{""role"":""body"",""url"":""https://artscouncil-saitama.jp/wp-content/uploads/2024/11/%E3%82%A2%E3%82%BB%E3%83%83%E3%83%88-2-5.jpg"",""alt"":"""",""width"":1280,""height"":853,""local_path"":""images/ACS0025/02-body.webp"",""webp_width"":1280,""webp_height"":853,""source_bytes"":1460128,""webp_bytes"":78110,""download_status"":""取得済み"",""download_error"":""""},{""role"":""body"",""url"":""https://artscouncil-saitama.jp/wp-content/uploads/2024/11/%E3%82%A2%E3%82%BB%E3%83%83%E3%83%88-3-6.jpg"",""alt"":"""",""width"":1280,""height"":853,""local_path"":""images/ACS0025/03-body.webp"",""webp_width"":1280,""webp_height"":853,""source_bytes"":1866657,""webp_bytes"":138550,""download_status"":""取得済み"",""download_error"":""""}]",3,"{""住所"":""さいたま市浦和区岸町6-2-1"",""電話番号"":""048-822-9952"",""代表"":""青山 健一"",""HP/SNS"":""ギャラリー\n絵画教室\nX""}",さいたま市浦和区岸町6-2-1,048-822-9952,代表: 青山 健一,"ギャラリー
絵画教室
X",2024-11-06T10:00:00,2025-06-07T10:51:39,https://artscouncil-saitama.jp/library/survey/gallery-saikousha/,2026-08-02,取得済み,,著作物（オープンデータ対象外）,© Saitama City Cultural Promotion Foundation / アーツカウンシルさいたま,公式サイトの著作権表示・利用条件に従うこと。オープンデータCSVとは分離して利用する。,images/ACS0025/01-eyecatch.webp,3,362750
26,ACS0026,768,kobo-syu,社会福祉法人みぬま福祉会 工房集,障がいのある方々が、個々が生き生きと 好きなことを仕事として創作活動できる素敵な「場所」,令和4年度,「みぬま福祉会」は1984年発足。1985年に法人化し「川口太陽の家」を開所。,"オープンのきっかけ、経緯は？
「みぬま福祉会」は1984年発足。1985年に法人化し「川口太陽の家」を開所。
発足当初から、障がいのある方々（仲間）とともに活動することを模索していた。働くことは人が生きる上で大切なことの一つ。お金をつくり、社会と繋がり、生き生きとした人間としての成長や発達につながること。当初はどちらかというと単純な軽作業が中心だったが、重度の知的障がいのある「あっこさん」が生き生きと絵を描く姿を見て、宮本さんが「アートを通して、あなたしかできない仕事をしてみよう」と、2002年に「工房集」を立ち上げた経緯を熱く語っていただいた。

どんな場所なの？
工房集は、見沼田んぼや畑などの緑豊かな風景に囲まれた開放的な敷地にある。どこか非日常的な雰囲気だが「ワクワク」するような外観だ。中に入ってみると、仲間たちが作業場についたり誰かと話していたりと、日常の時間が流れていた。アトリエ、ギャラリー、カフェスペースの３つのエリア。現在カフェスペースはギャラリー開催時のみ、後援会の協力のもと営業中。作品は建物の内外に展示されていてワクワクがたまらない。工房集のアトリエで創作しているアーティストは20人ほど。みぬま福祉会全体では、およそ150人の方が絵画、織物、木工、書、ステンドグラス、漫画、写真など多彩な創作活動を楽しんでいる。

アート活動と未来展望は？
作品は国内外の美術館（東京都美術館、埼玉県立近代美術館等）やギャラリーで展示され、海外のギャラリーと独占契約を結んでいる方もいる。工房集主催の個展のほか国内外で仲間たちの作品を知ってもらう展示機会を増やし、努力して作品を産み出している、ハンデを持って生まれた人の力強さも伝え続けていきたいことの一つ。企業の広報誌や公共ポスターにも採用されている。2016年には埼玉県障害者芸術文化活動支援センター「アートセンター集」を立ち上げ、芸術文化活動を通して人と人がつながり、障がいがあっても豊かな人生を過ごせる社会を目指して前進している。

お話しを伺って
最後に、お話しをうかがって感銘を受けたことを記したい。
障がいのある方々を「仲間」と呼び、職員と利用者の関係でなく同時代を共に生きる仲間と捉えていること。そして、知的障がい者の美的感覚は持って生まれた才能と見られがちだが、宮本さんは「コツコツ努力しているんです。一人一人が自分の作風をつかんでいる。」というお話しされていたこと。私たちと同じように努力し、自分にとっての最高の作品を届けることを根っこに持って活動していることを知った。どんな人もアートを通して個性を表現しているんだということをどんどん発信していきたい、という思いが伝わってきた。","[{""heading"":""オープンのきっかけ、経緯は？"",""paragraphs"":[""「みぬま福祉会」は1984年発足。1985年に法人化し「川口太陽の家」を開所。"",""発足当初から、障がいのある方々（仲間）とともに活動することを模索していた。働くことは人が生きる上で大切なことの一つ。お金をつくり、社会と繋がり、生き生きとした人間としての成長や発達につながること。当初はどちらかというと単純な軽作業が中心だったが、重度の知的障がいのある「あっこさん」が生き生きと絵を描く姿を見て、宮本さんが「アートを通して、あなたしかできない仕事をしてみよう」と、2002年に「工房集」を立ち上げた経緯を熱く語っていただいた。""]},{""heading"":""どんな場所なの？"",""paragraphs"":[""工房集は、見沼田んぼや畑などの緑豊かな風景に囲まれた開放的な敷地にある。どこか非日常的な雰囲気だが「ワクワク」するような外観だ。中に入ってみると、仲間たちが作業場についたり誰かと話していたりと、日常の時間が流れていた。アトリエ、ギャラリー、カフェスペースの３つのエリア。現在カフェスペースはギャラリー開催時のみ、後援会の協力のもと営業中。作品は建物の内外に展示されていてワクワクがたまらない。工房集のアトリエで創作しているアーティストは20人ほど。みぬま福祉会全体では、およそ150人の方が絵画、織物、木工、書、ステンドグラス、漫画、写真など多彩な創作活動を楽しんでいる。""]},{""heading"":""アート活動と未来展望は？"",""paragraphs"":[""作品は国内外の美術館（東京都美術館、埼玉県立近代美術館等）やギャラリーで展示され、海外のギャラリーと独占契約を結んでいる方もいる。工房集主催の個展のほか国内外で仲間たちの作品を知ってもらう展示機会を増やし、努力して作品を産み出している、ハンデを持って生まれた人の力強さも伝え続けていきたいことの一つ。企業の広報誌や公共ポスターにも採用されている。2016年には埼玉県障害者芸術文化活動支援センター「アートセンター集」を立ち上げ、芸術文化活動を通して人と人がつながり、障がいがあっても豊かな人生を過ごせる社会を目指して前進している。""]},{""heading"":""お話しを伺って"",""paragraphs"":[""最後に、お話しをうかがって感銘を受けたことを記したい。"",""障がいのある方々を「仲間」と呼び、職員と利用者の関係でなく同時代を共に生きる仲間と捉えていること。そして、知的障がい者の美的感覚は持って生まれた才能と見られがちだが、宮本さんは「コツコツ努力しているんです。一人一人が自分の作風をつかんでいる。」というお話しされていたこと。私たちと同じように努力し、自分にとっての最高の作品を届けることを根っこに持って活動していることを知った。どんな人もアートを通して個性を表現しているんだということをどんどん発信していきたい、という思いが伝わってきた。""]}]",1134,https://artscouncil-saitama.jp/wp-content/uploads/2024/10/%E3%82%A2%E3%82%BB%E3%83%83%E3%83%88-3-4-1280x720.jpg,"[{""role"":""eyecatch"",""url"":""https://artscouncil-saitama.jp/wp-content/uploads/2024/10/%E3%82%A2%E3%82%BB%E3%83%83%E3%83%88-3-4-1280x720.jpg"",""alt"":"""",""width"":null,""height"":null,""local_path"":""images/ACS0026/01-eyecatch.webp"",""webp_width"":1280,""webp_height"":720,""source_bytes"":1170304,""webp_bytes"":162274,""download_status"":""取得済み"",""download_error"":""""},{""role"":""body"",""url"":""https://artscouncil-saitama.jp/wp-content/uploads/2024/10/%E3%82%A2%E3%82%BB%E3%83%83%E3%83%88-1-5.jpg"",""alt"":"""",""width"":1280,""height"":854,""local_path"":""images/ACS0026/02-body.webp"",""webp_width"":1280,""webp_height"":854,""source_bytes"":1624858,""webp_bytes"":95770,""download_status"":""取得済み"",""download_error"":""""},{""role"":""body"",""url"":""https://artscouncil-saitama.jp/wp-content/uploads/2024/10/%E3%82%A2%E3%82%BB%E3%83%83%E3%83%88-2-5.jpg"",""alt"":"""",""width"":1280,""height"":854,""local_path"":""images/ACS0026/03-body.webp"",""webp_width"":1280,""webp_height"":854,""source_bytes"":1502664,""webp_bytes"":81302,""download_status"":""取得済み"",""download_error"":""""}]",3,"{""住所"":""川口市木曽呂1445（緑区隣接の市境、東浦和駅徒歩14分）"",""電話番号"":""048-290-7355"",""取材対応"":""宮本 恵美"",""HP/SNS"":""ウェブサイト\nFacebook\nInstagram""}",川口市木曽呂1445（緑区隣接の市境、東浦和駅徒歩14分）,048-290-7355,取材対応: 宮本 恵美,"ウェブサイト
Facebook
Instagram",2024-10-30T10:00:00,2025-02-02T21:24:40,https://artscouncil-saitama.jp/library/survey/kobo-syu/,2026-08-02,取得済み,,著作物（オープンデータ対象外）,© Saitama City Cultural Promotion Foundation / アーツカウンシルさいたま,公式サイトの著作権表示・利用条件に従うこと。オープンデータCSVとは分離して利用する。,images/ACS0026/01-eyecatch.webp,3,339346
27,ACS0027,758,takase,takase,“もの”を通して“何か”をつたえるshop&gallery,令和4年度,洋服、器、古道具、石けん、アート、アートブック、、、shop&garelly“takase”では、様々な企画展が開催されている。,"『“もの”を通して“何か”を伝えたい』
洋服、器、古道具、石けん、アート、アートブック、、、shop&garelly“takase”では、様々な企画展が開催されている。
オーナーの高瀬さんは、企画する展覧会で自身の感覚を大切にしている。取り扱うどの種の作品にも、“何か伝えることがあること”を重視しているそうだ。お店の名前をテーマやコンセプトがあるものではなく“takase”にして良かったと語る。その言葉は、高瀬さん自身の心が動く“もの”への愛情と情熱がお店を作りだしている、と感じさせてくれる。

『本当にやりたいことを求めて』
もともとは水道屋さんでお仕事をされていた高瀬さん。洋服が好きで週末になると買い物をする日々のなか、「自分は何のために生きているのだろう」と考えるように。その時期に山登りを始め、自然に触れようと尾瀬に行ったことがきっかけで、 “本当にやりたいこと”をやろうと決意したという。
具体的に“何か”ということを求めて動き始めた高瀬さん。いろいろなご縁で、知人と二人で雑貨屋を始め、その後独立し6年前にtakaseをオープンした。

『枠にとらわれない自由な発想で』
今までは、ライフスタイルに関係性の深いものを企画する事が多かったそうだが、今後はアートやオブジェの企画にもっと挑戦したいそう。 枠にとらわれない、唯一無二の事をやっていきたい。 「アートって救われるじゃないですか。売れないものほど心に与える影響が大きくて。そこを一人でも多くの人に伝えていきたいですねぇ。」
小売店だから、売れるものでないと利益につながらないという視点に立つとなかなか取り扱えないものでも、人の心に届くように発信を続けたい。
2号店を考え中？とのことであった。

『さいたま国際芸術際について思う事』
全然知らなかった、という率直なお答えをいただいた。
珍しいアートブックを多く取り扱うほど、アートに関心のある高瀬さん。さいたま国際芸術祭が実際どのような活動をしているのか伝わっていないのは勿体ない。より地元の人にも伝わりやすく興味をもってもらえるよう努力する必要があると強く感じた。
生活とアートを垣根なく自由に行き来できるtakaseさん。訪れると、日常も非日常も美しく新鮮な気持ちになれる唯一無二の空間だ。","[{""heading"":""『“もの”を通して“何か”を伝えたい』"",""paragraphs"":[""洋服、器、古道具、石けん、アート、アートブック、、、shop&garelly“takase”では、様々な企画展が開催されている。"",""オーナーの高瀬さんは、企画する展覧会で自身の感覚を大切にしている。取り扱うどの種の作品にも、“何か伝えることがあること”を重視しているそうだ。お店の名前をテーマやコンセプトがあるものではなく“takase”にして良かったと語る。その言葉は、高瀬さん自身の心が動く“もの”への愛情と情熱がお店を作りだしている、と感じさせてくれる。""]},{""heading"":""『本当にやりたいことを求めて』"",""paragraphs"":[""もともとは水道屋さんでお仕事をされていた高瀬さん。洋服が好きで週末になると買い物をする日々のなか、「自分は何のために生きているのだろう」と考えるように。その時期に山登りを始め、自然に触れようと尾瀬に行ったことがきっかけで、 “本当にやりたいこと”をやろうと決意したという。"",""具体的に“何か”ということを求めて動き始めた高瀬さん。いろいろなご縁で、知人と二人で雑貨屋を始め、その後独立し6年前にtakaseをオープンした。""]},{""heading"":""『枠にとらわれない自由な発想で』"",""paragraphs"":[""今までは、ライフスタイルに関係性の深いものを企画する事が多かったそうだが、今後はアートやオブジェの企画にもっと挑戦したいそう。 枠にとらわれない、唯一無二の事をやっていきたい。 「アートって救われるじゃないですか。売れないものほど心に与える影響が大きくて。そこを一人でも多くの人に伝えていきたいですねぇ。」"",""小売店だから、売れるものでないと利益につながらないという視点に立つとなかなか取り扱えないものでも、人の心に届くように発信を続けたい。"",""2号店を考え中？とのことであった。""]},{""heading"":""『さいたま国際芸術際について思う事』"",""paragraphs"":[""全然知らなかった、という率直なお答えをいただいた。"",""珍しいアートブックを多く取り扱うほど、アートに関心のある高瀬さん。さいたま国際芸術祭が実際どのような活動をしているのか伝わっていないのは勿体ない。より地元の人にも伝わりやすく興味をもってもらえるよう努力する必要があると強く感じた。"",""生活とアートを垣根なく自由に行き来できるtakaseさん。訪れると、日常も非日常も美しく新鮮な気持ちになれる唯一無二の空間だ。""]}]",960,https://artscouncil-saitama.jp/wp-content/uploads/2024/11/%E3%82%A2%E3%82%BB%E3%83%83%E3%83%88-1-8-1280x720.jpg,"[{""role"":""eyecatch"",""url"":""https://artscouncil-saitama.jp/wp-content/uploads/2024/11/%E3%82%A2%E3%82%BB%E3%83%83%E3%83%88-1-8-1280x720.jpg"",""alt"":"""",""width"":null,""height"":null,""local_path"":""images/ACS0027/01-eyecatch.webp"",""webp_width"":1280,""webp_height"":720,""source_bytes"":913658,""webp_bytes"":43284,""download_status"":""取得済み"",""download_error"":""""},{""role"":""body"",""url"":""https://artscouncil-saitama.jp/wp-content/uploads/2024/11/%E3%82%A2%E3%82%BB%E3%83%83%E3%83%88-2-7.jpg"",""alt"":"""",""width"":1280,""height"":854,""local_path"":""images/ACS0027/02-body.webp"",""webp_width"":1280,""webp_height"":854,""source_bytes"":1575357,""webp_bytes"":56628,""download_status"":""取得済み"",""download_error"":""""},{""role"":""body"",""url"":""https://artscouncil-saitama.jp/wp-content/uploads/2024/11/%E3%82%A2%E3%82%BB%E3%83%83%E3%83%88-3-8.jpg"",""alt"":"""",""width"":1280,""height"":854,""local_path"":""images/ACS0027/03-body.webp"",""webp_width"":1280,""webp_height"":854,""source_bytes"":1685712,""webp_bytes"":77526,""download_status"":""取得済み"",""download_error"":""""}]",3,"{""住所"":""さいたま市緑区宮本2-19-14"",""電話番号"":""048-762-7524"",""オーナー"":""高瀬 勝一"",""HP/SNS"":""ウェブサイト\nInstagram""}",さいたま市緑区宮本2-19-14,048-762-7524,オーナー: 高瀬 勝一,"ウェブサイト
Instagram",2024-11-09T10:00:00,2025-02-20T00:43:02,https://artscouncil-saitama.jp/library/survey/takase/,2026-08-02,取得済み,,著作物（オープンデータ対象外）,© Saitama City Cultural Promotion Foundation / アーツカウンシルさいたま,公式サイトの著作権表示・利用条件に従うこと。オープンデータCSVとは分離して利用する。,images/ACS0027/01-eyecatch.webp,3,177438
28,ACS0028,762,mokkinkan,モッキンカン 木の森美術館 しまずよしのり,不思議な森の世界に導かれる住宅街の美術館,令和4年度,しまず夫妻が2012年に自宅に併設してオープンした美術館。しまず氏は40代の頃に木彫彫刻家として認められ、日本各地や米国で個展を開いた。ある個展で長野県栄村の村長から「ぜひうちの村にきて制作してほしい。木材もアトリエも全部用意するから身ひとつで来てください」という誘いを受け、信州育ちのしまず氏はお役に立てるならと山深い村に移住して制作に没頭。作品を発表するこ…,"オープンの経緯と名前の由来
しまず夫妻が2012年に自宅に併設してオープンした美術館。しまず氏は40代の頃に木彫彫刻家として認められ、日本各地や米国で個展を開いた。ある個展で長野県栄村の村長から「ぜひうちの村にきて制作してほしい。木材もアトリエも全部用意するから身ひとつで来てください」という誘いを受け、信州育ちのしまず氏はお役に立てるならと山深い村に移住して制作に没頭。作品を発表することもなく一心不乱に制作に打ち込むこと20年あまり。浦和に戻って来た時には発表の場が失われていた。膨大な作品をできるだけ大勢の人に観てもらいたいとの想いから、自宅を改装して美術館を開設する運びとなった。
モッキンと聞いてまず思い浮かべるのが木琴。しまず氏の詩に、「木琴の音が聞こえるよ」という一節があり、ここからとって名付けたとのこと。きつつきの音、風が通る梢の音、木を彫る音、まさにそうした森の音が聞こえてくるような美術館だ。

どんなところ
浦和駅からバスで10分ほどの住宅街に建っていて、アンティークのおしゃれなドアを挟んで左手が自宅、右手が美術館になっている。一階に入ると、部屋のいたるところに木の作品、木の自然な色を生かして創った大きな彫刻やレリーフなどがある。２階に通じる階段の壁には絵画や書が飾られている。２階にはびっくりするほど大きな木彫の動物や虫たちが置かれ、まるで不思議な夢の世界の森に迷い込んだような気持ちにさせられる。小品を動かしながら制作したアニメーションを見ることもできる。美術学校の知人からしまず氏の個性が失われるとの助言を受け、美術学校の教育は一切受けず個性を生かした作品の数々は、木彫にとどまらず絵画、詩、絵本、書など幅広いジャンルにその才能を発揮しており、この美術館でそれらの作品に触れることができる。

これから
初めは気難しい芸術家肌の方なのかと感じたしまず氏だが、話すうちにとても気さくでユーモアのある方だとわかった。パートナーで館長でもあるリコさんができるだけ多くの人々に作品を観てもらいたいと強く願っているのが伝わってくる。とても大きく重たい木彫作品が多いため個展を開くのもそう簡単ではなく、この美術館に来て観てもらうのが一番だという。ワークショップを開いたりしていろいろな試みをしているが、お二人の掛け合い漫才のようなユーモアあふれる会話をYouTubeで発信していこうという企画も立てている。","[{""heading"":""オープンの経緯と名前の由来"",""paragraphs"":[""しまず夫妻が2012年に自宅に併設してオープンした美術館。しまず氏は40代の頃に木彫彫刻家として認められ、日本各地や米国で個展を開いた。ある個展で長野県栄村の村長から「ぜひうちの村にきて制作してほしい。木材もアトリエも全部用意するから身ひとつで来てください」という誘いを受け、信州育ちのしまず氏はお役に立てるならと山深い村に移住して制作に没頭。作品を発表することもなく一心不乱に制作に打ち込むこと20年あまり。浦和に戻って来た時には発表の場が失われていた。膨大な作品をできるだけ大勢の人に観てもらいたいとの想いから、自宅を改装して美術館を開設する運びとなった。"",""モッキンと聞いてまず思い浮かべるのが木琴。しまず氏の詩に、「木琴の音が聞こえるよ」という一節があり、ここからとって名付けたとのこと。きつつきの音、風が通る梢の音、木を彫る音、まさにそうした森の音が聞こえてくるような美術館だ。""]},{""heading"":""どんなところ"",""paragraphs"":[""浦和駅からバスで10分ほどの住宅街に建っていて、アンティークのおしゃれなドアを挟んで左手が自宅、右手が美術館になっている。一階に入ると、部屋のいたるところに木の作品、木の自然な色を生かして創った大きな彫刻やレリーフなどがある。２階に通じる階段の壁には絵画や書が飾られている。２階にはびっくりするほど大きな木彫の動物や虫たちが置かれ、まるで不思議な夢の世界の森に迷い込んだような気持ちにさせられる。小品を動かしながら制作したアニメーションを見ることもできる。美術学校の知人からしまず氏の個性が失われるとの助言を受け、美術学校の教育は一切受けず個性を生かした作品の数々は、木彫にとどまらず絵画、詩、絵本、書など幅広いジャンルにその才能を発揮しており、この美術館でそれらの作品に触れることができる。""]},{""heading"":""これから"",""paragraphs"":[""初めは気難しい芸術家肌の方なのかと感じたしまず氏だが、話すうちにとても気さくでユーモアのある方だとわかった。パートナーで館長でもあるリコさんができるだけ多くの人々に作品を観てもらいたいと強く願っているのが伝わってくる。とても大きく重たい木彫作品が多いため個展を開くのもそう簡単ではなく、この美術館に来て観てもらうのが一番だという。ワークショップを開いたりしていろいろな試みをしているが、お二人の掛け合い漫才のようなユーモアあふれる会話をYouTubeで発信していこうという企画も立てている。""]}]",1014,https://artscouncil-saitama.jp/wp-content/uploads/2024/11/%E3%82%A2%E3%82%BB%E3%83%83%E3%83%88-1-5-1280x720.jpg,"[{""role"":""eyecatch"",""url"":""https://artscouncil-saitama.jp/wp-content/uploads/2024/11/%E3%82%A2%E3%82%BB%E3%83%83%E3%83%88-1-5-1280x720.jpg"",""alt"":"""",""width"":null,""height"":null,""local_path"":""images/ACS0028/01-eyecatch.webp"",""webp_width"":1280,""webp_height"":720,""source_bytes"":1119419,""webp_bytes"":160018,""download_status"":""取得済み"",""download_error"":""""},{""role"":""body"",""url"":""https://artscouncil-saitama.jp/wp-content/uploads/2024/11/%E3%82%A2%E3%82%BB%E3%83%83%E3%83%88-2-4.jpg"",""alt"":"""",""width"":1280,""height"":854,""local_path"":""images/ACS0028/02-body.webp"",""webp_width"":1280,""webp_height"":854,""source_bytes"":2012705,""webp_bytes"":125212,""download_status"":""取得済み"",""download_error"":""""},{""role"":""body"",""url"":""https://artscouncil-saitama.jp/wp-content/uploads/2024/11/%E3%82%A2%E3%82%BB%E3%83%83%E3%83%88-3-5.jpg"",""alt"":"""",""width"":1280,""height"":854,""local_path"":""images/ACS0028/03-body.webp"",""webp_width"":1280,""webp_height"":854,""source_bytes"":1400823,""webp_bytes"":45714,""download_status"":""取得済み"",""download_error"":""""}]",3,"{""住所"":""さいたま市南区大谷口593"",""電話番号"":""048-881-0524\n080-5072-3842"",""館長"":""島津 リコ"",""HP/SNS"":""モッキンカン\nしまずよしのり モッキンカン 木の森美術館""}",さいたま市南区大谷口593,"048-881-0524
080-5072-3842",館長: 島津 リコ,"モッキンカン
しまずよしのり モッキンカン 木の森美術館",2024-11-05T10:00:00,2025-06-07T10:55:16,https://artscouncil-saitama.jp/library/survey/mokkinkan/,2026-08-02,取得済み,,著作物（オープンデータ対象外）,© Saitama City Cultural Promotion Foundation / アーツカウンシルさいたま,公式サイトの著作権表示・利用条件に従うこと。オープンデータCSVとは分離して利用する。,images/ACS0028/01-eyecatch.webp,3,330944
29,ACS0029,760,yanagisawagallery,柳沢画廊,柳沢画廊のこだわりは、価値ある作品を、責任をもって販売していること,令和4年度,オーナーの柳沢さんは、若いころからグラフィックやイラストレーションが好きで、よく画廊や美術館に出かけては好きな作品を楽しんでいた。いろんなコレクションを見ていく中で自分自身の「好きなアーティスト」も明確に見えてくる。もしも画廊を開くならば、こんな絵を飾ってみたい。あんなことをしてみようか。そんなイメージも膨らんでいた。,"オープンのきっかけ、経緯は？
オーナーの柳沢さんは、若いころからグラフィックやイラストレーションが好きで、よく画廊や美術館に出かけては好きな作品を楽しんでいた。いろんなコレクションを見ていく中で自分自身の「好きなアーティスト」も明確に見えてくる。もしも画廊を開くならば、こんな絵を飾ってみたい。あんなことをしてみようか。そんなイメージも膨らんでいた。
35歳の時に、目の前の旧中山道セットバック工事がきっかけで３階建てのビルを建て、１階は柳沢さんのお父様が運営していた判子屋（深明堂）。建物の２階、３階をご両親の理解もあり、柳沢さんがやってみたかったお仕事の一つとして画廊経営が始まった。

どんな場所なの？
浦和駅西口から旧中山道沿いに歩き玉蔵院の近く。何気なく上を向きながら歩いていると「柳沢画廊」という看板が目に入る。柳沢画廊はなぜか版画作家さんが中心となって個展を開いている。開廊当時は油絵作品を購入し個展で出展するとなると非常に高額であった。一方、版画作品は１～２万円程度で購入することができるため、気軽に見て「欲しいな」と思ったら購入しやすい金額だった。常に若くてクォリティーの高い作家さんの企画展を開催し、作家を応援している場所。
70歳を過ぎた柳沢さんは、これからもゆっくり楽しみながら画廊経営進めていかれるとのこと。

アートとの繋がりは？
柳沢画廊は開廊当時、近隣にはすでに「コバルト画房」や「アートスペース717」があり、画廊を運営していく上で影響を受けた店舗の一つだという。
浦和には、1951年（昭和26年）から版画家でマルチアーティストの「瑛九」が住んでいた。瑛九のご自宅に、池田満寿夫たち若手作家がよく来ていたそう。また、当時は自宅に絵画やアート作品を置く人は少なく、どちらかというと病院などの一室に飾る絵画として求められることが多かった。
アイルランドのアーティスト「リチャード・ゴーマン」との出会いをきっかけに海外アーティストとの繋がりが増える。2004年ゴーマンが、柳沢画廊で個展を開いたことがあるアイルランド、ドイツ、オランダ、日本のアーティストのグループ展をアイルランドのギャラリーで企画。柳沢さん自身1995年、2004年、2013年、2020年にアイルランドを訪れ、現在も親交は続いている。2023年6月からアイルランド人作家20人、日本人作家20人の作品を集め日本各地を巡回する展覧会がスタート。2024年には柳沢画廊が展覧会の会場になる予定だ。","[{""heading"":""オープンのきっかけ、経緯は？"",""paragraphs"":[""オーナーの柳沢さんは、若いころからグラフィックやイラストレーションが好きで、よく画廊や美術館に出かけては好きな作品を楽しんでいた。いろんなコレクションを見ていく中で自分自身の「好きなアーティスト」も明確に見えてくる。もしも画廊を開くならば、こんな絵を飾ってみたい。あんなことをしてみようか。そんなイメージも膨らんでいた。"",""35歳の時に、目の前の旧中山道セットバック工事がきっかけで３階建てのビルを建て、１階は柳沢さんのお父様が運営していた判子屋（深明堂）。建物の２階、３階をご両親の理解もあり、柳沢さんがやってみたかったお仕事の一つとして画廊経営が始まった。""]},{""heading"":""どんな場所なの？"",""paragraphs"":[""浦和駅西口から旧中山道沿いに歩き玉蔵院の近く。何気なく上を向きながら歩いていると「柳沢画廊」という看板が目に入る。柳沢画廊はなぜか版画作家さんが中心となって個展を開いている。開廊当時は油絵作品を購入し個展で出展するとなると非常に高額であった。一方、版画作品は１～２万円程度で購入することができるため、気軽に見て「欲しいな」と思ったら購入しやすい金額だった。常に若くてクォリティーの高い作家さんの企画展を開催し、作家を応援している場所。"",""70歳を過ぎた柳沢さんは、これからもゆっくり楽しみながら画廊経営進めていかれるとのこと。""]},{""heading"":""アートとの繋がりは？"",""paragraphs"":[""柳沢画廊は開廊当時、近隣にはすでに「コバルト画房」や「アートスペース717」があり、画廊を運営していく上で影響を受けた店舗の一つだという。"",""浦和には、1951年（昭和26年）から版画家でマルチアーティストの「瑛九」が住んでいた。瑛九のご自宅に、池田満寿夫たち若手作家がよく来ていたそう。また、当時は自宅に絵画やアート作品を置く人は少なく、どちらかというと病院などの一室に飾る絵画として求められることが多かった。"",""アイルランドのアーティスト「リチャード・ゴーマン」との出会いをきっかけに海外アーティストとの繋がりが増える。2004年ゴーマンが、柳沢画廊で個展を開いたことがあるアイルランド、ドイツ、オランダ、日本のアーティストのグループ展をアイルランドのギャラリーで企画。柳沢さん自身1995年、2004年、2013年、2020年にアイルランドを訪れ、現在も親交は続いている。2023年6月からアイルランド人作家20人、日本人作家20人の作品を集め日本各地を巡回する展覧会がスタート。2024年には柳沢画廊が展覧会の会場になる予定だ。""]}]",1046,https://artscouncil-saitama.jp/wp-content/uploads/2024/11/%E3%82%A2%E3%82%BB%E3%83%83%E3%83%88-1-7-1280x720.jpg,"[{""role"":""eyecatch"",""url"":""https://artscouncil-saitama.jp/wp-content/uploads/2024/11/%E3%82%A2%E3%82%BB%E3%83%83%E3%83%88-1-7-1280x720.jpg"",""alt"":"""",""width"":null,""height"":null,""local_path"":""images/ACS0029/01-eyecatch.webp"",""webp_width"":1280,""webp_height"":720,""source_bytes"":1289296,""webp_bytes"":171656,""download_status"":""取得済み"",""download_error"":""""},{""role"":""body"",""url"":""https://artscouncil-saitama.jp/wp-content/uploads/2024/11/%E3%82%A2%E3%82%BB%E3%83%83%E3%83%88-2-6.jpg"",""alt"":"""",""width"":1280,""height"":853,""local_path"":""images/ACS0029/02-body.webp"",""webp_width"":1280,""webp_height"":853,""source_bytes"":1584140,""webp_bytes"":85346,""download_status"":""取得済み"",""download_error"":""""},{""role"":""body"",""url"":""https://artscouncil-saitama.jp/wp-content/uploads/2024/11/%E3%82%A2%E3%82%BB%E3%83%83%E3%83%88-3-7.jpg"",""alt"":"""",""width"":1280,""height"":853,""local_path"":""images/ACS0029/03-body.webp"",""webp_width"":1280,""webp_height"":853,""source_bytes"":1579446,""webp_bytes"":79222,""download_status"":""取得済み"",""download_error"":""""}]",3,"{""住所"":""さいたま市浦和区高砂2-14-16"",""電話番号"":""048-822-2712"",""代表"":""柳沢 敏明"",""HP"":""ウェブサイト\nFacebook\nInstagram""}",さいたま市浦和区高砂2-14-16,048-822-2712,代表: 柳沢 敏明,"ウェブサイト
Facebook
Instagram",2024-11-07T10:00:00,2025-02-20T00:45:13,https://artscouncil-saitama.jp/library/survey/yanagisawagallery/,2026-08-02,取得済み,,著作物（オープンデータ対象外）,© Saitama City Cultural Promotion Foundation / アーツカウンシルさいたま,公式サイトの著作権表示・利用条件に従うこと。オープンデータCSVとは分離して利用する。,images/ACS0029/01-eyecatch.webp,3,336224
30,ACS0030,764,largo,ラルゴ（Largo）,ゆるやかに、繋がり、時が流れてゆく、絵画と音楽の両方を楽しめるギャラリー・カフェ,令和4年度,与野で生まれ育った店長・橋本泰代さんのお母様・増田俊子さんが趣味で絵を描かれ、美術団体の公募展に出品した大きな作品もあり、ちょっと素敵な空間でのんびりと、仲間と一緒に発表できる場として。そして、音楽教師であったお父様が生演奏もできて、ご自身が好きな音楽をお気に入りのオーディオで聴ける場として。絵画と音楽の両方を楽しめる。また建物自体も、１階はギャラリー2階以…,"絵画と音楽の両方を楽しめるギャラリー
与野で生まれ育った店長・橋本泰代さんのお母様・増田俊子さんが趣味で絵を描かれ、美術団体の公募展に出品した大きな作品もあり、ちょっと素敵な空間でのんびりと、仲間と一緒に発表できる場として。そして、音楽教師であったお父様が生演奏もできて、ご自身が好きな音楽をお気に入りのオーディオで聴ける場として。絵画と音楽の両方を楽しめる。また建物自体も、１階はギャラリー2階以上は住居の5階建てのマンション。住む人が、１人暮らしから家族が増えても「生活の中でアートを身近に感じられたら」との想いも込めて2009年2月11日にオープンした。開設のための構想時、橋本さんは絵も音楽もよくわからず「自分は何をしよう？」と考えカフェ担当として、お菓子とコーヒーの専門学校で学んだそう。カフェ・メニューも素敵なものが多く、注目！

ゆるやかに、繋がり、時が流れてゆく
店名・ラルゴ（Largo）は、イタリア語で“幅のある、広い、ゆったりとした”の意味。ギャラリー開設当初は積極的に宣伝しなかった。『浦和画家』という言葉があるように、絵を描く人、絵を観る心に余白のある人が多い風土に感じる。絵を見に立ち寄る「日常」で、展示に来場すると、実は同級生や先輩など繋がりのある方ということも。私設宣伝部長的なお客様がいらっしゃったり、埼玉新聞社の取材を受けたこともあり、いつの間にか店の存在が広がっていった。幼い頃の自分を知っている人たちのいる街で、カッコをつけることなく自然体でありながら、反面「ちゃんとしなきゃ」と、気を引き締めながら市内のギャラリーの先人達が築いてくれた素地があってこその「ギャラリーへ足を運ぼう」という、お客様の自然な気持ちを大切にしたいと、真摯かつ丁寧に、お話してくれた。

プロも賞賛する音の環境
展示だけでなく、音楽演奏での発表もできる場。ギャラリー内には、真空管のオーディオ設備もあり、こだわりが感じられる。グランドピアノなどの演奏では、空間そのものの音の響きがとても心地よい。この環境で演奏したくてリピートする音楽家もいるそうだ。なので、予約がなかなか困難なこともある。クラシック、JAZZの公演もあり、一度は聴いてみるべし！である。

再開発が進む街での今後
今後も、地域の再開発で高層マンションの建設が続く中、人の流れがどう変わっていくのか楽しみではあるが、今までと変わらず、緩やかに、ゆったりと、とどまることなく、流れに任せながら、継続していきたい。プロ・アマを問わないが、アマチュアの方で、一生懸命で熱意のある方々には特に門戸を開いて、利用していただきたい、と意欲を語られた。","[{""heading"":""絵画と音楽の両方を楽しめるギャラリー"",""paragraphs"":[""与野で生まれ育った店長・橋本泰代さんのお母様・増田俊子さんが趣味で絵を描かれ、美術団体の公募展に出品した大きな作品もあり、ちょっと素敵な空間でのんびりと、仲間と一緒に発表できる場として。そして、音楽教師であったお父様が生演奏もできて、ご自身が好きな音楽をお気に入りのオーディオで聴ける場として。絵画と音楽の両方を楽しめる。また建物自体も、１階はギャラリー2階以上は住居の5階建てのマンション。住む人が、１人暮らしから家族が増えても「生活の中でアートを身近に感じられたら」との想いも込めて2009年2月11日にオープンした。開設のための構想時、橋本さんは絵も音楽もよくわからず「自分は何をしよう？」と考えカフェ担当として、お菓子とコーヒーの専門学校で学んだそう。カフェ・メニューも素敵なものが多く、注目！""]},{""heading"":""ゆるやかに、繋がり、時が流れてゆく"",""paragraphs"":[""店名・ラルゴ（Largo）は、イタリア語で“幅のある、広い、ゆったりとした”の意味。ギャラリー開設当初は積極的に宣伝しなかった。『浦和画家』という言葉があるように、絵を描く人、絵を観る心に余白のある人が多い風土に感じる。絵を見に立ち寄る「日常」で、展示に来場すると、実は同級生や先輩など繋がりのある方ということも。私設宣伝部長的なお客様がいらっしゃったり、埼玉新聞社の取材を受けたこともあり、いつの間にか店の存在が広がっていった。幼い頃の自分を知っている人たちのいる街で、カッコをつけることなく自然体でありながら、反面「ちゃんとしなきゃ」と、気を引き締めながら市内のギャラリーの先人達が築いてくれた素地があってこその「ギャラリーへ足を運ぼう」という、お客様の自然な気持ちを大切にしたいと、真摯かつ丁寧に、お話してくれた。""]},{""heading"":""プロも賞賛する音の環境"",""paragraphs"":[""展示だけでなく、音楽演奏での発表もできる場。ギャラリー内には、真空管のオーディオ設備もあり、こだわりが感じられる。グランドピアノなどの演奏では、空間そのものの音の響きがとても心地よい。この環境で演奏したくてリピートする音楽家もいるそうだ。なので、予約がなかなか困難なこともある。クラシック、JAZZの公演もあり、一度は聴いてみるべし！である。""]},{""heading"":""再開発が進む街での今後"",""paragraphs"":[""今後も、地域の再開発で高層マンションの建設が続く中、人の流れがどう変わっていくのか楽しみではあるが、今までと変わらず、緩やかに、ゆったりと、とどまることなく、流れに任せながら、継続していきたい。プロ・アマを問わないが、アマチュアの方で、一生懸命で熱意のある方々には特に門戸を開いて、利用していただきたい、と意欲を語られた。""]}]",1110,https://artscouncil-saitama.jp/wp-content/uploads/2024/11/%E3%82%A2%E3%82%BB%E3%83%83%E3%83%88-1-3-1280x720.jpg,"[{""role"":""eyecatch"",""url"":""https://artscouncil-saitama.jp/wp-content/uploads/2024/11/%E3%82%A2%E3%82%BB%E3%83%83%E3%83%88-1-3-1280x720.jpg"",""alt"":"""",""width"":null,""height"":null,""local_path"":""images/ACS0030/01-eyecatch.webp"",""webp_width"":1280,""webp_height"":720,""source_bytes"":1201133,""webp_bytes"":143416,""download_status"":""取得済み"",""download_error"":""""},{""role"":""body"",""url"":""https://artscouncil-saitama.jp/wp-content/uploads/2024/11/%E5%90%8D%E7%A7%B0%E6%9C%AA%E8%A8%AD%E5%AE%9A-7.jpg"",""alt"":"""",""width"":1274,""height"":850,""local_path"":""images/ACS0030/02-body.webp"",""webp_width"":1274,""webp_height"":850,""source_bytes"":297746,""webp_bytes"":149146,""download_status"":""取得済み"",""download_error"":""""},{""role"":""body"",""url"":""https://artscouncil-saitama.jp/wp-content/uploads/2024/11/%E3%82%A2%E3%82%BB%E3%83%83%E3%83%88-3-3.jpg"",""alt"":"""",""width"":1280,""height"":854,""local_path"":""images/ACS0030/03-body.webp"",""webp_width"":1280,""webp_height"":854,""source_bytes"":1723545,""webp_bytes"":83134,""download_status"":""取得済み"",""download_error"":""""}]",3,"{""住所"":""さいたま市中央区鈴谷2丁目725-1ソレイユ南与野1F"",""電話番号"":""048-749-1721"",""代表"":""橋本 泰代"",""HP/SNS"":""ウェブサイト\nFacebook""}",さいたま市中央区鈴谷2丁目725-1ソレイユ南与野1F,048-749-1721,代表: 橋本 泰代,"ウェブサイト
Facebook",2024-11-03T10:00:00,2025-02-02T21:00:05,https://artscouncil-saitama.jp/library/survey/largo/,2026-08-02,取得済み,,著作物（オープンデータ対象外）,© Saitama City Cultural Promotion Foundation / アーツカウンシルさいたま,公式サイトの著作権表示・利用条件に従うこと。オープンデータCSVとは分離して利用する。,images/ACS0030/01-eyecatch.webp,3,375696
31,ACS0031,775,gafu-gallery-space,GAFU -gallery & space-,"""GAFU（画布）""であなたの想いを実現へ",令和5年度,GAFUの名前は、義父がやっていた画布（油絵に使うカンバス）の工場跡地ということに由来している。義父が体調を崩し使われなくなった築９０年の工場。義父の想いが詰まっており、絵描きさんにとっても大切なこの建物をなんとかして残したい、また、地域の方に開かれた交流の場として活用していきたいという気持ちでオーナーの船岡さんが２年前、gallery & spaceにリノ…,"オープンのきっかけ
GAFUの名前は、義父がやっていた画布（油絵に使うカンバス）の工場跡地ということに由来している。義父が体調を崩し使われなくなった築９０年の工場。義父の想いが詰まっており、絵描きさんにとっても大切なこの建物をなんとかして残したい、また、地域の方に開かれた交流の場として活用していきたいという気持ちでオーナーの船岡さんが２年前、gallery & spaceにリノベーションした。地域のいろいろな才能のある方々に活用していただきたい、多世代の方々にこの場所に足を運んでいただきたい、という気持ちもあった。

どんな場所なの
もとは画布制作工場なのでフロアはおよそ1５ｍ×８ｍと広く、天井は高いうえにそり返った特殊な形をしている。土間のテーブル席と靴を脱いで上がる板張りのスペースがあり、子どもにも高齢世代にも快適だ。手前の隅には小さなステージ、奥には義理のお兄さんお手製の立派なスピーカーがあって贅沢に音楽を聴くこともできる。広いスペースを活用してマルシェを８組共同で開催したり、酷暑時のキッチンカーのイベント、調理をしながら食材の割合を考える算数教室などのユニークな活用実績がある。特定の人だけでなく、同時に様々な団体や多世代が利用可能とすることで新たなつながりもできている。

担い手たちの想い
オープンして２年、利用方法を日々模索していると船岡さん。情報発信は口コミと一部のSNSが中心で、利用したい方とは直接話をし、目的を伺った上で信頼できる方に利用してもらっている。あえて、利用方法や金額を明確に提示しないことで、利用時間に融通を利かせたりお手伝いをするなど、人のつながりや地域貢献を大事にしている。地域の他のスペースともつながり、高齢世代が外に出て集える場づくりなど、地域の方々が求めていることについて話し合うことも目指しているという。

将来展望
今後は、これまで行ってきたイベントのほかに誕生日パーティーや同窓会、音楽会などの予定もある。将来について船岡さんは「地域の方が交流できる場所は地域の方々が作っていくと思っているので、私がこうしたいという想いはありません。どうなっていくのか私自身が楽しみにしています。」とおしゃっていた。過日行われた盆栽のワークショップでは、講師の丁寧な指導のもと、幅広い年齢層の方が熱心に取り組み、ワークショップが行われていないスペースでは食事やカフェをゆっくり楽しむ人が和やかに過ごしていた。","[{""heading"":""オープンのきっかけ"",""paragraphs"":[""GAFUの名前は、義父がやっていた画布（油絵に使うカンバス）の工場跡地ということに由来している。義父が体調を崩し使われなくなった築９０年の工場。義父の想いが詰まっており、絵描きさんにとっても大切なこの建物をなんとかして残したい、また、地域の方に開かれた交流の場として活用していきたいという気持ちでオーナーの船岡さんが２年前、gallery & spaceにリノベーションした。地域のいろいろな才能のある方々に活用していただきたい、多世代の方々にこの場所に足を運んでいただきたい、という気持ちもあった。""]},{""heading"":""どんな場所なの"",""paragraphs"":[""もとは画布制作工場なのでフロアはおよそ1５ｍ×８ｍと広く、天井は高いうえにそり返った特殊な形をしている。土間のテーブル席と靴を脱いで上がる板張りのスペースがあり、子どもにも高齢世代にも快適だ。手前の隅には小さなステージ、奥には義理のお兄さんお手製の立派なスピーカーがあって贅沢に音楽を聴くこともできる。広いスペースを活用してマルシェを８組共同で開催したり、酷暑時のキッチンカーのイベント、調理をしながら食材の割合を考える算数教室などのユニークな活用実績がある。特定の人だけでなく、同時に様々な団体や多世代が利用可能とすることで新たなつながりもできている。""]},{""heading"":""担い手たちの想い"",""paragraphs"":[""オープンして２年、利用方法を日々模索していると船岡さん。情報発信は口コミと一部のSNSが中心で、利用したい方とは直接話をし、目的を伺った上で信頼できる方に利用してもらっている。あえて、利用方法や金額を明確に提示しないことで、利用時間に融通を利かせたりお手伝いをするなど、人のつながりや地域貢献を大事にしている。地域の他のスペースともつながり、高齢世代が外に出て集える場づくりなど、地域の方々が求めていることについて話し合うことも目指しているという。""]},{""heading"":""将来展望"",""paragraphs"":[""今後は、これまで行ってきたイベントのほかに誕生日パーティーや同窓会、音楽会などの予定もある。将来について船岡さんは「地域の方が交流できる場所は地域の方々が作っていくと思っているので、私がこうしたいという想いはありません。どうなっていくのか私自身が楽しみにしています。」とおしゃっていた。過日行われた盆栽のワークショップでは、講師の丁寧な指導のもと、幅広い年齢層の方が熱心に取り組み、ワークショップが行われていないスペースでは食事やカフェをゆっくり楽しむ人が和やかに過ごしていた。""]}]",1028,https://artscouncil-saitama.jp/wp-content/uploads/2024/10/%E3%82%A2%E3%82%BB%E3%83%83%E3%83%88-1-1280x720.jpg,"[{""role"":""eyecatch"",""url"":""https://artscouncil-saitama.jp/wp-content/uploads/2024/10/%E3%82%A2%E3%82%BB%E3%83%83%E3%83%88-1-1280x720.jpg"",""alt"":"""",""width"":null,""height"":null,""local_path"":""images/ACS0031/01-eyecatch.webp"",""webp_width"":1280,""webp_height"":720,""source_bytes"":1145180,""webp_bytes"":116906,""download_status"":""取得済み"",""download_error"":""""},{""role"":""body"",""url"":""https://artscouncil-saitama.jp/wp-content/uploads/2024/10/%E3%82%A2%E3%82%BB%E3%83%83%E3%83%88-3.jpg"",""alt"":"""",""width"":1280,""height"":853,""local_path"":""images/ACS0031/02-body.webp"",""webp_width"":1280,""webp_height"":853,""source_bytes"":2008199,""webp_bytes"":134224,""download_status"":""取得済み"",""download_error"":""""},{""role"":""body"",""url"":""https://artscouncil-saitama.jp/wp-content/uploads/2024/10/%E3%82%A2%E3%82%BB%E3%83%83%E3%83%88-2.jpg"",""alt"":"""",""width"":1280,""height"":853,""local_path"":""images/ACS0031/03-body.webp"",""webp_width"":1280,""webp_height"":853,""source_bytes"":2011466,""webp_bytes"":136938,""download_status"":""取得済み"",""download_error"":""""}]",3,"{""住所"":""さいたま市南区別所3-21-4"",""代表"":""船岡 まり子"",""HP/SNS"":""Instagram""}",さいたま市南区別所3-21-4,,代表: 船岡 まり子,Instagram,2024-10-23T10:00:00,2025-02-02T21:18:38,https://artscouncil-saitama.jp/library/survey/gafu-gallery-space/,2026-08-02,取得済み,,著作物（オープンデータ対象外）,© Saitama City Cultural Promotion Foundation / アーツカウンシルさいたま,公式サイトの著作権表示・利用条件に従うこと。オープンデータCSVとは分離して利用する。,images/ACS0031/01-eyecatch.webp,3,388068
32,ACS0032,774,kondohouse-kon-kitchen,コンドウハウス,『コミュニティ』の中で生きるための『みんなの居場所』づくり,令和5年度,浦和で生まれ育った太田好泰（よしやす）さんは、３０～４０代を障害者アートのＮＰＯで働き、その後５０代は茨城県でタイ料理店を経営した。,"きっかけはパンデミック期の『みつめなおし』
浦和で生まれ育った太田好泰（よしやす）さんは、３０～４０代を障害者アートのＮＰＯで働き、その後５０代は茨城県でタイ料理店を経営した。
さいたまに戻ってきた時、世の中は新型コロナウイルスが蔓延をはじめ世界的にもロックダウン、自宅にいることが多くなった時期・・・。
その時、今までの職業で抱えていた疑問が再び思い浮かんだ。障害者たちの親亡き後の『住まい方』、在日外国人の『住まい方』、ニュースで特集されていたシングル・マザーや、賃貸物件を借りづらい高齢者の『住まい方』はどうなっていくのだろう？
『住まいの問題』を考えたい、と思い始めたタイミングで、埼玉未来大学のシニアの起業を応援する『地域創造科・地域ビジネスコース』１期生の募集を見かけ、この課題に向き合いたいと学ぶことに。
また、妹の連れ合いの実家が空き家となり、それを活かして、『コミュニティの中で生きる』ための『みんなの居場所』を提供できるのではないか？との想いで、2022年３月ＮＰＯ法人新しい住まい方研究所を設立。翌４月にコミュニティ・カフェ『コンドウハウス』をオープンした。

コミュニティの中に入るきっかけは、『食』
『みんなの居場所』の基地としたいコンドウハウスでは、タイ料理を楽しめるカフェ＆レストラン『Ｋoｎキッチン』をはじめ、三室・山崎子ども食堂、シニアの食堂、子どもの発達サポートサロン、大古里サロン（高齢者の相談室）、介護者カフェ三室など、タイ料理の腕を活かしながら、ボランティアさんの協力のもと活動している。
しかし、目指すところはあくまで『みんなの居場所』。コミュニティにつながるきっかけを『食』としているが、『食』を入口に地域の人たちがどのようにコミュニケーションを取り、どのような化学反応をしていくのか、期待している。

じわじわ感をもって、丁寧に
スウェーデン・デンマークで生まれた『コレクティブハウジング』（シェアハウスよりプライバシーを確保しつつも、共同の食堂やリビングがあり、その建物に住む『みんなが当事者』となって住まうスタイル）にならい、この三室地域のコミュニティの居場所として、高齢者も障害者も、誰もが主体者として暮らすことのできるコレクティブな場所を目指している。そのため、プライバシーやデリケートな問題に直面することも考えられるが、アートを取り入れアートのもつ人を繋ぐ力を活かし、丁寧に、じわじわ感をもって、今後の活動に取り組んでいきたい、とのお話しであった。","[{""heading"":""きっかけはパンデミック期の『みつめなおし』"",""paragraphs"":[""浦和で生まれ育った太田好泰（よしやす）さんは、３０～４０代を障害者アートのＮＰＯで働き、その後５０代は茨城県でタイ料理店を経営した。"",""さいたまに戻ってきた時、世の中は新型コロナウイルスが蔓延をはじめ世界的にもロックダウン、自宅にいることが多くなった時期・・・。"",""その時、今までの職業で抱えていた疑問が再び思い浮かんだ。障害者たちの親亡き後の『住まい方』、在日外国人の『住まい方』、ニュースで特集されていたシングル・マザーや、賃貸物件を借りづらい高齢者の『住まい方』はどうなっていくのだろう？"",""『住まいの問題』を考えたい、と思い始めたタイミングで、埼玉未来大学のシニアの起業を応援する『地域創造科・地域ビジネスコース』１期生の募集を見かけ、この課題に向き合いたいと学ぶことに。"",""また、妹の連れ合いの実家が空き家となり、それを活かして、『コミュニティの中で生きる』ための『みんなの居場所』を提供できるのではないか？との想いで、2022年３月ＮＰＯ法人新しい住まい方研究所を設立。翌４月にコミュニティ・カフェ『コンドウハウス』をオープンした。""]},{""heading"":""コミュニティの中に入るきっかけは、『食』"",""paragraphs"":[""『みんなの居場所』の基地としたいコンドウハウスでは、タイ料理を楽しめるカフェ＆レストラン『Ｋoｎキッチン』をはじめ、三室・山崎子ども食堂、シニアの食堂、子どもの発達サポートサロン、大古里サロン（高齢者の相談室）、介護者カフェ三室など、タイ料理の腕を活かしながら、ボランティアさんの協力のもと活動している。"",""しかし、目指すところはあくまで『みんなの居場所』。コミュニティにつながるきっかけを『食』としているが、『食』を入口に地域の人たちがどのようにコミュニケーションを取り、どのような化学反応をしていくのか、期待している。""]},{""heading"":""じわじわ感をもって、丁寧に"",""paragraphs"":[""スウェーデン・デンマークで生まれた『コレクティブハウジング』（シェアハウスよりプライバシーを確保しつつも、共同の食堂やリビングがあり、その建物に住む『みんなが当事者』となって住まうスタイル）にならい、この三室地域のコミュニティの居場所として、高齢者も障害者も、誰もが主体者として暮らすことのできるコレクティブな場所を目指している。そのため、プライバシーやデリケートな問題に直面することも考えられるが、アートを取り入れアートのもつ人を繋ぐ力を活かし、丁寧に、じわじわ感をもって、今後の活動に取り組んでいきたい、とのお話しであった。""]}]",1053,https://artscouncil-saitama.jp/wp-content/uploads/2024/10/%E3%82%A2%E3%82%BB%E3%83%83%E3%83%88-1-1-1280x720.jpg,"[{""role"":""eyecatch"",""url"":""https://artscouncil-saitama.jp/wp-content/uploads/2024/10/%E3%82%A2%E3%82%BB%E3%83%83%E3%83%88-1-1-1280x720.jpg"",""alt"":"""",""width"":null,""height"":null,""local_path"":""images/ACS0032/01-eyecatch.webp"",""webp_width"":1280,""webp_height"":720,""source_bytes"":1217599,""webp_bytes"":165628,""download_status"":""取得済み"",""download_error"":""""},{""role"":""body"",""url"":""https://artscouncil-saitama.jp/wp-content/uploads/2024/10/%E3%82%A2%E3%82%BB%E3%83%83%E3%83%88-3-1.jpg"",""alt"":"""",""width"":1280,""height"":854,""local_path"":""images/ACS0032/02-body.webp"",""webp_width"":1280,""webp_height"":854,""source_bytes"":2519483,""webp_bytes"":101706,""download_status"":""取得済み"",""download_error"":""""},{""role"":""body"",""url"":""https://artscouncil-saitama.jp/wp-content/uploads/2024/10/%E3%82%A2%E3%82%BB%E3%83%83%E3%83%88-2-1.jpg"",""alt"":"""",""width"":1280,""height"":854,""local_path"":""images/ACS0032/03-body.webp"",""webp_width"":1280,""webp_height"":854,""source_bytes"":2627687,""webp_bytes"":260058,""download_status"":""取得済み"",""download_error"":""""}]",3,"{""住所"":""さいたま市緑区三室680-1"",""電話番号"":""048-711-4990"",""代表"":""太田 好泰"",""HP/SNS"":""ウェブサイト\nFacebook\nInstagram""}",さいたま市緑区三室680-1,048-711-4990,代表: 太田 好泰,"ウェブサイト
Facebook
Instagram",2024-10-24T10:00:00,2025-02-02T21:23:09,https://artscouncil-saitama.jp/library/survey/kondohouse-kon-kitchen/,2026-08-02,取得済み,,著作物（オープンデータ対象外）,© Saitama City Cultural Promotion Foundation / アーツカウンシルさいたま,公式サイトの著作権表示・利用条件に従うこと。オープンデータCSVとは分離して利用する。,images/ACS0032/01-eyecatch.webp,3,527392
33,ACS0033,771,toroto,TOROto,コスモ薬局が地域に開く、食・健康・医療をテーマにしたリビングのような空間,令和5年度,薬局で働く管理栄養士の知識や技術を生かして地域のためのこども食堂を開催し、それがTOROtoへとつながってゆく。街に薬局が溢れる時代、地域密着こそ大切な個性だと社長の林さんは考える。「会社も地域住民のひとり、一緒に地域の未来をつくる関係」。居場所づくりや学習支援など一見薬局と関係のないことにも、地域の一員として取組む。「江戸時代の川づくりを思います。江戸時代…,"薬局と地域コミュニティ
薬局で働く管理栄養士の知識や技術を生かして地域のためのこども食堂を開催し、それがTOROtoへとつながってゆく。街に薬局が溢れる時代、地域密着こそ大切な個性だと社長の林さんは考える。「会社も地域住民のひとり、一緒に地域の未来をつくる関係」。居場所づくりや学習支援など一見薬局と関係のないことにも、地域の一員として取組む。「江戸時代の川づくりを思います。江戸時代の川って、だれかがつくってくれるものではなくて、民間で、地域のみんなでやるものだったんです。TOROtoも地域のみんなでつくる、川のようなものかもしれません」。

「誰でも来ていい、居場所になったらいい」
「困っている人と困っていない人を分けたり、それをこちらが判断するのは違う。目に見えない困りごともある。誰でも来ていい、居場所になったらいい」と総務の島野さん。「みなさんが集まりやすい仕組みや環境をつくることで、出会いや関係性、様々な出来事が生まれ、私たちには想像も及ばない良い変化が起これば御の字」。TOROtoには、暮らしにまつわる本・雑誌もたくさん置いてある。島野さんは本が好きで、「人だけでなく、本との出会いも良いと思うんです」と。ごはんを食べに来るたび、楽しみに、一章ずつ読んでいく人もいるそうだ。

薬局が地域に開く、優しい場所 “TOROto”
TOROtoでは、カフェ/コワーキングスペース/地元ファームのオーガニック野菜販売/こども食堂/子どもの学習支援/くらしの保健室…etc. と、ひとことではまとめられない多様な取組をしている。セルフサービスのほうじ茶、子どもを寝かせてお茶をできるような畳スペース（電車が見える！）もある。「ここでサークル活動をするのも良いんです」と色々な使い方を歓迎。フロアにはヨガの案内や、看護師や公認心理士といった専門家に無料で相談できる『くらしの保健室』のお知らせもあり、お昼を食べに来て、ヘルスケアの情報や専門家へ自然とつながることができる。

「変わりつづけていい」
休日はよく登山に行くという社長。「人間がつくるものって、制度や効率化ばかりで、単純化しがち。でも自然はそうでないですよね。TOROtoも複雑なままに、多様でいいと思う。会社がなにか提供する形だけでなく、自立したコミュニティであってもいいと思うんです。ここに来る、出会う人たちによって、変わりつづけていい」。ヨガや野菜販売も地域の人との出会いから始まった。今後は読書会や患者の会もしたいそう。ここに居ていい、色々なことをやっていいんだと、生きる力や創造性が後押しされる。地域の人々と出会って何かやってみたい方もぜひ訪れてみてはどうですか。","[{""heading"":""薬局と地域コミュニティ"",""paragraphs"":[""薬局で働く管理栄養士の知識や技術を生かして地域のためのこども食堂を開催し、それがTOROtoへとつながってゆく。街に薬局が溢れる時代、地域密着こそ大切な個性だと社長の林さんは考える。「会社も地域住民のひとり、一緒に地域の未来をつくる関係」。居場所づくりや学習支援など一見薬局と関係のないことにも、地域の一員として取組む。「江戸時代の川づくりを思います。江戸時代の川って、だれかがつくってくれるものではなくて、民間で、地域のみんなでやるものだったんです。TOROtoも地域のみんなでつくる、川のようなものかもしれません」。""]},{""heading"":""「誰でも来ていい、居場所になったらいい」"",""paragraphs"":[""「困っている人と困っていない人を分けたり、それをこちらが判断するのは違う。目に見えない困りごともある。誰でも来ていい、居場所になったらいい」と総務の島野さん。「みなさんが集まりやすい仕組みや環境をつくることで、出会いや関係性、様々な出来事が生まれ、私たちには想像も及ばない良い変化が起これば御の字」。TOROtoには、暮らしにまつわる本・雑誌もたくさん置いてある。島野さんは本が好きで、「人だけでなく、本との出会いも良いと思うんです」と。ごはんを食べに来るたび、楽しみに、一章ずつ読んでいく人もいるそうだ。""]},{""heading"":""薬局が地域に開く、優しい場所 “TOROto”"",""paragraphs"":[""TOROtoでは、カフェ/コワーキングスペース/地元ファームのオーガニック野菜販売/こども食堂/子どもの学習支援/くらしの保健室…etc. と、ひとことではまとめられない多様な取組をしている。セルフサービスのほうじ茶、子どもを寝かせてお茶をできるような畳スペース（電車が見える！）もある。「ここでサークル活動をするのも良いんです」と色々な使い方を歓迎。フロアにはヨガの案内や、看護師や公認心理士といった専門家に無料で相談できる『くらしの保健室』のお知らせもあり、お昼を食べに来て、ヘルスケアの情報や専門家へ自然とつながることができる。""]},{""heading"":""「変わりつづけていい」"",""paragraphs"":[""休日はよく登山に行くという社長。「人間がつくるものって、制度や効率化ばかりで、単純化しがち。でも自然はそうでないですよね。TOROtoも複雑なままに、多様でいいと思う。会社がなにか提供する形だけでなく、自立したコミュニティであってもいいと思うんです。ここに来る、出会う人たちによって、変わりつづけていい」。ヨガや野菜販売も地域の人との出会いから始まった。今後は読書会や患者の会もしたいそう。ここに居ていい、色々なことをやっていいんだと、生きる力や創造性が後押しされる。地域の人々と出会って何かやってみたい方もぜひ訪れてみてはどうですか。""]}]",1123,https://artscouncil-saitama.jp/wp-content/uploads/2024/10/%E3%82%A2%E3%82%BB%E3%83%83%E3%83%88-1-3-1280x720.jpg,"[{""role"":""eyecatch"",""url"":""https://artscouncil-saitama.jp/wp-content/uploads/2024/10/%E3%82%A2%E3%82%BB%E3%83%83%E3%83%88-1-3-1280x720.jpg"",""alt"":"""",""width"":null,""height"":null,""local_path"":""images/ACS0033/01-eyecatch.webp"",""webp_width"":1280,""webp_height"":720,""source_bytes"":997373,""webp_bytes"":83808,""download_status"":""取得済み"",""download_error"":""""},{""role"":""body"",""url"":""https://artscouncil-saitama.jp/wp-content/uploads/2024/10/%E3%82%A2%E3%82%BB%E3%83%83%E3%83%88-2-3.jpg"",""alt"":"""",""width"":1280,""height"":854,""local_path"":""images/ACS0033/02-body.webp"",""webp_width"":1280,""webp_height"":854,""source_bytes"":2312837,""webp_bytes"":187854,""download_status"":""取得済み"",""download_error"":""""},{""role"":""body"",""url"":""https://artscouncil-saitama.jp/wp-content/uploads/2024/10/%E3%82%A2%E3%82%BB%E3%83%83%E3%83%88-3-2.jpg"",""alt"":"""",""width"":1280,""height"":854,""local_path"":""images/ACS0033/03-body.webp"",""webp_width"":1280,""webp_height"":854,""source_bytes"":1412013,""webp_bytes"":63918,""download_status"":""取得済み"",""download_error"":""""}]",3,"{""住所"":""さいたま市北区土呂町2-12-20 コスモスクエア4階"",""電話番号"":""048-729-5848"",""代表"":""林 宗一郎"",""HP/SNS"":""ウェブサイト\nFacebook\nInstagram\nLINE""}",さいたま市北区土呂町2-12-20 コスモスクエア4階,048-729-5848,代表: 林 宗一郎,"ウェブサイト
Facebook
Instagram
LINE",2024-10-27T10:00:00,2025-02-02T20:44:44,https://artscouncil-saitama.jp/library/survey/toroto/,2026-08-02,取得済み,,著作物（オープンデータ対象外）,© Saitama City Cultural Promotion Foundation / アーツカウンシルさいたま,公式サイトの著作権表示・利用条件に従うこと。オープンデータCSVとは分離して利用する。,images/ACS0033/01-eyecatch.webp,3,335580
34,ACS0034,769,muchu-hiko,CHICACU BookStore（移転）→本と喫茶 夢中飛行,夢に一歩近づく後押しをしてくれる、わたしたちの隠れ家的本屋さん,令和5年度,大宮駅から徒歩で約 8 分。一の宮通りを氷川参道に向かって歩いた先の ks’氷川の杜というマンションの 2 階に夢中飛行はある。一の宮通りは古着屋や美容院が多く立ち並んでおり、人通りも多い通りだが、この店は知る人ぞ知る隠れ家のよう。 店外には通りの雰囲気にマッチした可愛らしい看板が設置されている。初めて来る人はお店を見つけた時のワクワク感も楽しめるので是非探…,"夢中飛行はどこにある？
大宮駅から徒歩で約 8 分。一の宮通りを氷川参道に向かって歩いた先の ks’氷川の杜というマンションの 2 階に夢中飛行はある。一の宮通りは古着屋や美容院が多く立ち並んでおり、人通りも多い通りだが、この店は知る人ぞ知る隠れ家のよう。 店外には通りの雰囲気にマッチした可愛らしい看板が設置されている。初めて来る人はお店を見つけた時のワクワク感も楽しめるので是非探してみてほしい。エレベーターで２階へ行けば、大きな BOOK の文字と明るい店主の直井さんがみんなを歓迎してくれる。

本と喫茶 夢中飛行ってどんな場所？
シェア本棚・新刊書店がくっついた本屋と、喫茶店・作家の作品に出会えるショップが組み合わさった場所。そんな店内は本棚オーナーや作家の個性で溢れている。
本棚オーナーには月3,000円でなることができ、60×30cmの本棚で自分のオススメする本を貸したり販売したりできる。またオーナーにならずとも年会費500円で年中本を借りられる会員になることもできる。
本を借りた人からコメントを書いてもらえる仕組みがあるのも魅力の一つだ。その場にいなくとも、本を介して人と人のつながりが自然と生まれる。そんな場所だ。

オープンの経緯
学生の頃から本や言葉に興味を持っていた店主の直井さん。社会に出てからローカルメディアと出会い、街の人々とつながりを持ちながら活動することを経験しその大切さを知った。その経験を地元で活かそうと北浦和の住まいをひらき新刊書店を始め、地域のみんなと一緒に書店を盛り上げたいという思いからシェア本棚も始めた。「本の前では肩書きのない自分でいられる」とお客さんが言ったことも、直井さんがこのような居場所を開くきっかけになったそうだ。
様々な思いが集まって、現在の夢中飛行ができている。

店主直井さんの目標と夢
「本棚オーナーさんや地域の本好きな人たちの色々な価値観に触れられる。自分の信じられるものや叶えたいことが素直に発信できて、みんなの夢が広がる場所になれば素敵だと思う。夢に一歩近づくために背中を押したり押されたりしながら、みんなが前向きな気持ちになれる場所になるといいな。それが目標。」と直井さん。
そして夢は「日本一の本屋になる」こと！！
本好きな人も、本を読んでみたい人も、どんな人でも何か新たな出会いや発見がありそうな場。目的なくふらっと立ち寄ってみるのもいいかも。","[{""heading"":""夢中飛行はどこにある？"",""paragraphs"":[""大宮駅から徒歩で約 8 分。一の宮通りを氷川参道に向かって歩いた先の ks’氷川の杜というマンションの 2 階に夢中飛行はある。一の宮通りは古着屋や美容院が多く立ち並んでおり、人通りも多い通りだが、この店は知る人ぞ知る隠れ家のよう。 店外には通りの雰囲気にマッチした可愛らしい看板が設置されている。初めて来る人はお店を見つけた時のワクワク感も楽しめるので是非探してみてほしい。エレベーターで２階へ行けば、大きな BOOK の文字と明るい店主の直井さんがみんなを歓迎してくれる。""]},{""heading"":""本と喫茶 夢中飛行ってどんな場所？"",""paragraphs"":[""シェア本棚・新刊書店がくっついた本屋と、喫茶店・作家の作品に出会えるショップが組み合わさった場所。そんな店内は本棚オーナーや作家の個性で溢れている。"",""本棚オーナーには月3,000円でなることができ、60×30cmの本棚で自分のオススメする本を貸したり販売したりできる。またオーナーにならずとも年会費500円で年中本を借りられる会員になることもできる。"",""本を借りた人からコメントを書いてもらえる仕組みがあるのも魅力の一つだ。その場にいなくとも、本を介して人と人のつながりが自然と生まれる。そんな場所だ。""]},{""heading"":""オープンの経緯"",""paragraphs"":[""学生の頃から本や言葉に興味を持っていた店主の直井さん。社会に出てからローカルメディアと出会い、街の人々とつながりを持ちながら活動することを経験しその大切さを知った。その経験を地元で活かそうと北浦和の住まいをひらき新刊書店を始め、地域のみんなと一緒に書店を盛り上げたいという思いからシェア本棚も始めた。「本の前では肩書きのない自分でいられる」とお客さんが言ったことも、直井さんがこのような居場所を開くきっかけになったそうだ。"",""様々な思いが集まって、現在の夢中飛行ができている。""]},{""heading"":""店主直井さんの目標と夢"",""paragraphs"":[""「本棚オーナーさんや地域の本好きな人たちの色々な価値観に触れられる。自分の信じられるものや叶えたいことが素直に発信できて、みんなの夢が広がる場所になれば素敵だと思う。夢に一歩近づくために背中を押したり押されたりしながら、みんなが前向きな気持ちになれる場所になるといいな。それが目標。」と直井さん。"",""そして夢は「日本一の本屋になる」こと！！"",""本好きな人も、本を読んでみたい人も、どんな人でも何か新たな出会いや発見がありそうな場。目的なくふらっと立ち寄ってみるのもいいかも。""]}]",1016,https://artscouncil-saitama.jp/wp-content/uploads/2024/10/%E3%82%A2%E3%82%BB%E3%83%83%E3%83%88-1-4-1280x720.jpg,"[{""role"":""eyecatch"",""url"":""https://artscouncil-saitama.jp/wp-content/uploads/2024/10/%E3%82%A2%E3%82%BB%E3%83%83%E3%83%88-1-4-1280x720.jpg"",""alt"":"""",""width"":null,""height"":null,""local_path"":""images/ACS0034/01-eyecatch.webp"",""webp_width"":1280,""webp_height"":720,""source_bytes"":1133192,""webp_bytes"":117420,""download_status"":""取得済み"",""download_error"":""""},{""role"":""body"",""url"":""https://artscouncil-saitama.jp/wp-content/uploads/2024/10/%E3%82%A2%E3%82%BB%E3%83%83%E3%83%88-3-3.jpg"",""alt"":"""",""width"":1280,""height"":853,""local_path"":""images/ACS0034/02-body.webp"",""webp_width"":1280,""webp_height"":853,""source_bytes"":2182935,""webp_bytes"":174196,""download_status"":""取得済み"",""download_error"":""""},{""role"":""body"",""url"":""https://artscouncil-saitama.jp/wp-content/uploads/2024/10/%E3%82%A2%E3%82%BB%E3%83%83%E3%83%88-2-4.jpg"",""alt"":"""",""width"":1280,""height"":853,""local_path"":""images/ACS0034/03-body.webp"",""webp_width"":1280,""webp_height"":853,""source_bytes"":1864533,""webp_bytes"":134258,""download_status"":""取得済み"",""download_error"":""""}]",3,"{""住所"":""さいたま市大宮区高鼻町1-56 ks’氷川の杜201"",""代表"":""直井 薫子"",""HP/SNS"":""Facebook\nInstagram""}",さいたま市大宮区高鼻町1-56 ks’氷川の杜201,,代表: 直井 薫子,"Facebook
Instagram",2024-10-29T10:00:00,2025-02-02T20:44:31,https://artscouncil-saitama.jp/library/survey/muchu-hiko/,2026-08-02,取得済み,,著作物（オープンデータ対象外）,© Saitama City Cultural Promotion Foundation / アーツカウンシルさいたま,公式サイトの著作権表示・利用条件に従うこと。オープンデータCSVとは分離して利用する。,images/ACS0034/01-eyecatch.webp,3,425874
35,ACS0035,772,morooka-seisakujo,師岡制作所,『アーティストランスペース』本物のアートに触れてもらう場所,令和5年度,大家さんの師岡ご夫妻が金属加工業『師岡製作所』を営まれていたが、2012 年5 月に会社を解散し、工場を何か有効に活用できないかと考えていた所、息子さんの同級生でもあるアーティストの平川恒太さんが作品制作の場として使用することになる。2012 年10 月、改修工事を経て小左誠一郎さん、伊勢周平さんの3 人の共同アトリエとしてスタートした。金属加工業時代の師岡…,"オープンのきっかけ
大家さんの師岡ご夫妻が金属加工業『師岡製作所』を営まれていたが、2012 年5 月に会社を解散し、工場を何か有効に活用できないかと考えていた所、息子さんの同級生でもあるアーティストの平川恒太さんが作品制作の場として使用することになる。2012 年10 月、改修工事を経て小左誠一郎さん、伊勢周平さんの3 人の共同アトリエとしてスタートした。金属加工業時代の師岡さんの思いを残したいと『師岡制作所』とスペースを名付けた。2022 年、初期メンバーの脱退を機に新たな試みとして2 階に展示や交流できるスペースを作り、プロのアーティストの仕事を少しでも知ってもらい、地域の文化発展の拠点にしようと始めた。

どんな場所なの？
これまでの10 年間、18 名のアーティストが共同スタジオとして非公開で運営をしてきた。2022 年に改修工事を行い、アーティストランスペースとして生まれ変わった。１階には大型作品が制作できる広い作業スペースがあり、２階が作品展示スペースとイベントスペースになっている。通常は、アーティスト３名の共同スタジオで非公開だが、春と秋に企画展を行い一般に公開している。また『師岡制作所サポーター会員』になると毎月、勉強会などのイベント情報が得られ参加することができる。スペース内には有名アーティストの作品やデザイナーズ家具などが多数設置されており、プロの制作現場で『本物のアート』を体験することができる。

今後について
さいたま市は、まだ本物のアートに触れられるスペースが少なく感じる。質の高いアート作品を身近に見られる環境を作り、さいたま市の文化や生活を豊かにしていき、アート（文化）のある街作りに繋げ、さらには地元のアーティストやアートラバーが集えるミーティングスポットになればと語る。実際さいたま市には多くのアーティストが在住し制作をしているが、アーティストランスペースとして公開している場所は少なく、ミーティングスポットと呼べるアートの交流拠点も見当たらない。地元アーティストと繋がり、地元にも目を向けてもらい、海外で重要視されているアートのミーティングスポットが市内あちこちに誕生しそれらのスポットを巡れるさいたま市になればもっと豊かになるだろう。海外のアーティストランスペースとの交流やレジデンスなども今後行なっていきたいとも話された。","[{""heading"":""オープンのきっかけ"",""paragraphs"":[""大家さんの師岡ご夫妻が金属加工業『師岡製作所』を営まれていたが、2012 年5 月に会社を解散し、工場を何か有効に活用できないかと考えていた所、息子さんの同級生でもあるアーティストの平川恒太さんが作品制作の場として使用することになる。2012 年10 月、改修工事を経て小左誠一郎さん、伊勢周平さんの3 人の共同アトリエとしてスタートした。金属加工業時代の師岡さんの思いを残したいと『師岡制作所』とスペースを名付けた。2022 年、初期メンバーの脱退を機に新たな試みとして2 階に展示や交流できるスペースを作り、プロのアーティストの仕事を少しでも知ってもらい、地域の文化発展の拠点にしようと始めた。""]},{""heading"":""どんな場所なの？"",""paragraphs"":[""これまでの10 年間、18 名のアーティストが共同スタジオとして非公開で運営をしてきた。2022 年に改修工事を行い、アーティストランスペースとして生まれ変わった。１階には大型作品が制作できる広い作業スペースがあり、２階が作品展示スペースとイベントスペースになっている。通常は、アーティスト３名の共同スタジオで非公開だが、春と秋に企画展を行い一般に公開している。また『師岡制作所サポーター会員』になると毎月、勉強会などのイベント情報が得られ参加することができる。スペース内には有名アーティストの作品やデザイナーズ家具などが多数設置されており、プロの制作現場で『本物のアート』を体験することができる。""]},{""heading"":""今後について"",""paragraphs"":[""さいたま市は、まだ本物のアートに触れられるスペースが少なく感じる。質の高いアート作品を身近に見られる環境を作り、さいたま市の文化や生活を豊かにしていき、アート（文化）のある街作りに繋げ、さらには地元のアーティストやアートラバーが集えるミーティングスポットになればと語る。実際さいたま市には多くのアーティストが在住し制作をしているが、アーティストランスペースとして公開している場所は少なく、ミーティングスポットと呼べるアートの交流拠点も見当たらない。地元アーティストと繋がり、地元にも目を向けてもらい、海外で重要視されているアートのミーティングスポットが市内あちこちに誕生しそれらのスポットを巡れるさいたま市になればもっと豊かになるだろう。海外のアーティストランスペースとの交流やレジデンスなども今後行なっていきたいとも話された。""]}]",992,https://artscouncil-saitama.jp/wp-content/uploads/2024/10/%E3%82%A2%E3%82%BB%E3%83%83%E3%83%88-1-2-1280x720.jpg,"[{""role"":""eyecatch"",""url"":""https://artscouncil-saitama.jp/wp-content/uploads/2024/10/%E3%82%A2%E3%82%BB%E3%83%83%E3%83%88-1-2-1280x720.jpg"",""alt"":"""",""width"":null,""height"":null,""local_path"":""images/ACS0035/01-eyecatch.webp"",""webp_width"":1280,""webp_height"":720,""source_bytes"":1115300,""webp_bytes"":124446,""download_status"":""取得済み"",""download_error"":""""},{""role"":""body"",""url"":""https://artscouncil-saitama.jp/wp-content/uploads/2024/10/%E3%82%A2%E3%82%BB%E3%83%83%E3%83%88-2-2-415x589.jpg"",""alt"":"""",""width"":415,""height"":589,""local_path"":""images/ACS0035/02-body.webp"",""webp_width"":415,""webp_height"":589,""source_bytes"":700547,""webp_bytes"":22132,""download_status"":""取得済み"",""download_error"":""""}]",2,"{""HP/SNS"":""facebook\nInstagram\nX""}",,,,"facebook
Instagram
X",2024-10-26T10:00:00,2025-02-13T21:27:01,https://artscouncil-saitama.jp/library/survey/morooka-seisakujo/,2026-08-02,取得済み,,著作物（オープンデータ対象外）,© Saitama City Cultural Promotion Foundation / アーツカウンシルさいたま,公式サイトの著作権表示・利用条件に従うこと。オープンデータCSVとは分離して利用する。,images/ACS0035/01-eyecatch.webp,2,146578
36,ACS0036,2402,cobalt,コバルト画房,戦後まもなくから続く老舗の画材販売店,令和6年度,浦和駅から徒歩10分、裏門通り沿いに位置する歴史ある工房。画材や額縁の販売と、絵画・銅版画教室を実施している。コバルト画房には、銅版画に欠かせないプレス機が３台あり、そのうち１台は店主の岸本さん自ら設計し、製作したものだそう。店内に入ると、画材や額縁の販売スペースがあり、その奥にはプレス機のある岸本さんの作業場がある。２階は絵画教室などで使用するアトリエスペ…,"どんな場所？
浦和駅から徒歩10分、裏門通り沿いに位置する歴史ある工房。画材や額縁の販売と、絵画・銅版画教室を実施している。コバルト画房には、銅版画に欠かせないプレス機が３台あり、そのうち１台は店主の岸本さん自ら設計し、製作したものだそう。店内に入ると、画材や額縁の販売スペースがあり、その奥にはプレス機のある岸本さんの作業場がある。２階は絵画教室などで使用するアトリエスペースになっており、自然光が入る造りになっていた。普段はテレビ取材が来ても断っているそうだが、この度の調査を快諾してくださった。

歴史
コバルト画房はもともと岸本さんの奥様のご祖父様が創業された。ご祖父様は新聞記者だったが、戦争中は工兵として技術的作業に携わった。絵の具や画材のメーカーとして有名なホルベインの創業者と戦友になった縁で、ホルベインの絵の具を仕入れ、販売するようになったのが始まりである。コバルト画房は1948年に法人化し、本格的に営業されるようになったが、戦後まもなくは浦和駅東口方面で、空き箱の上に絵の具などを置いて販売していたそう。さらに、ものづくりが好きだったご祖父様は、額縁や画材を作って販売するようになったそうだ。

店主の岸本さん
岸本さんは、東京藝術大学で日本画を学んだ後、大学院で銅版画を始めた。コバルト画房で銅版画の製制や店の経営をするとともに、自ら銅版画教室の講師も行っている。絵画教室は岸本さんが始めた。教室を始めた頃は学校を卒業した人、若い年代の人が訪れ、プレス機をはじめとしたコバルト画房の道具を使って作品を制作していた。現在は高齢者や子育てを終えた人の参加が多いそうだ。
趣味は映画を見ること。作品づくりにおいても、刺激を受けることが重要で、映画はそれにぴったりだそう。テーブルには多くの映画のパンフレットがあった。作業中はコーヒーを飲んで音楽を聴くことが多く、作品を作るのにかかる期間は短くて1～2週間、長くて半年ほどかかるそうだ。これからの展望について尋ねると、お店をあるがままに、できるだけ長く続けていきたいと話してくださった。","[{""heading"":""どんな場所？"",""paragraphs"":[""浦和駅から徒歩10分、裏門通り沿いに位置する歴史ある工房。画材や額縁の販売と、絵画・銅版画教室を実施している。コバルト画房には、銅版画に欠かせないプレス機が３台あり、そのうち１台は店主の岸本さん自ら設計し、製作したものだそう。店内に入ると、画材や額縁の販売スペースがあり、その奥にはプレス機のある岸本さんの作業場がある。２階は絵画教室などで使用するアトリエスペースになっており、自然光が入る造りになっていた。普段はテレビ取材が来ても断っているそうだが、この度の調査を快諾してくださった。""]},{""heading"":""歴史"",""paragraphs"":[""コバルト画房はもともと岸本さんの奥様のご祖父様が創業された。ご祖父様は新聞記者だったが、戦争中は工兵として技術的作業に携わった。絵の具や画材のメーカーとして有名なホルベインの創業者と戦友になった縁で、ホルベインの絵の具を仕入れ、販売するようになったのが始まりである。コバルト画房は1948年に法人化し、本格的に営業されるようになったが、戦後まもなくは浦和駅東口方面で、空き箱の上に絵の具などを置いて販売していたそう。さらに、ものづくりが好きだったご祖父様は、額縁や画材を作って販売するようになったそうだ。""]},{""heading"":""店主の岸本さん"",""paragraphs"":[""岸本さんは、東京藝術大学で日本画を学んだ後、大学院で銅版画を始めた。コバルト画房で銅版画の製制や店の経営をするとともに、自ら銅版画教室の講師も行っている。絵画教室は岸本さんが始めた。教室を始めた頃は学校を卒業した人、若い年代の人が訪れ、プレス機をはじめとしたコバルト画房の道具を使って作品を制作していた。現在は高齢者や子育てを終えた人の参加が多いそうだ。"",""趣味は映画を見ること。作品づくりにおいても、刺激を受けることが重要で、映画はそれにぴったりだそう。テーブルには多くの映画のパンフレットがあった。作業中はコーヒーを飲んで音楽を聴くことが多く、作品を作るのにかかる期間は短くて1～2週間、長くて半年ほどかかるそうだ。これからの展望について尋ねると、お店をあるがままに、できるだけ長く続けていきたいと話してくださった。""]}]",876,https://artscouncil-saitama.jp/wp-content/uploads/2025/04/IMG_1428-1280x720.jpg,"[{""role"":""eyecatch"",""url"":""https://artscouncil-saitama.jp/wp-content/uploads/2025/04/IMG_1428-1280x720.jpg"",""alt"":"""",""width"":null,""height"":null,""local_path"":""images/ACS0036/01-eyecatch.webp"",""webp_width"":1280,""webp_height"":720,""source_bytes"":260531,""webp_bytes"":113212,""download_status"":""取得済み"",""download_error"":""""},{""role"":""body"",""url"":""https://artscouncil-saitama.jp/wp-content/uploads/2025/04/IMG_0447-2-415x312.jpg"",""alt"":"""",""width"":415,""height"":312,""local_path"":""images/ACS0036/02-body.webp"",""webp_width"":415,""webp_height"":312,""source_bytes"":38972,""webp_bytes"":17324,""download_status"":""取得済み"",""download_error"":""""},{""role"":""body"",""url"":""https://artscouncil-saitama.jp/wp-content/uploads/2025/04/IMG_0449-415x295.jpg"",""alt"":"""",""width"":415,""height"":295,""local_path"":""images/ACS0036/03-body.webp"",""webp_width"":415,""webp_height"":295,""source_bytes"":54808,""webp_bytes"":30242,""download_status"":""取得済み"",""download_error"":""""}]",3,"{""住所"":""さいたま市浦和区仲町2-16-15"",""代表"":""岸本 望"",""HP/SNS"":""HP""}",さいたま市浦和区仲町2-16-15,,代表: 岸本 望,HP,2025-04-18T14:00:18,2026-03-28T15:48:26,https://artscouncil-saitama.jp/library/survey/cobalt/,2026-08-02,取得済み,,著作物（オープンデータ対象外）,© Saitama City Cultural Promotion Foundation / アーツカウンシルさいたま,公式サイトの著作権表示・利用条件に従うこと。オープンデータCSVとは分離して利用する。,images/ACS0036/01-eyecatch.webp,3,160778
37,ACS0037,2418,toukouji,東光寺（大宮）,“寺”とは本来どういう場所なのかを考えた末の“からくり”がたくさん在る場所,令和6年度,大宮駅近くの寺院は、従来の寺院のイメージを覆し、現代的な要素を取り入れた“からくり”を特徴としています。この寺院は地域住民が気軽に訪れ、心安らげる場を提供することを目指しています。例えば、山門の左側には現代的なYUME観音とその周囲の可愛らしい像が鎮座し、音楽や照明による演出で異世界的な空間を作り出しています。一方、右側には中性的でSF的なデザインのSORA…,"新しい寺院体験
大宮駅近くの寺院は、従来の寺院のイメージを覆し、現代的な要素を取り入れた“からくり”を特徴としています。この寺院は地域住民が気軽に訪れ、心安らげる場を提供することを目指しています。例えば、山門の左側には現代的なYUME観音とその周囲の可愛らしい像が鎮座し、音楽や照明による演出で異世界的な空間を作り出しています。一方、右側には中性的でSF的なデザインのSORA地蔵があり、仏教の教えを現代的に感じられる場所となっています。これらの空間は単なる祈りの場ではなく、訪れる人々に癒しとくつろぎを提供する新しい形の寺院体験を提供しています。

寺院の多機能性と美術的要素
山門をくぐると、圧倒的な迫力を持つ達磨像と釈迦像が出迎えます。これらの巨大な像は、気迫と力強さを感じさせる一方、そばに設置されたテーブルや給茶機が訪れる人々にリラックスできる場を提供しています。また、客殿には伝統技法で作られた観音菩薩像があり、休憩や祈りを捧げるスペースとして利用されています。さらに、2階の和室には書家による襖絵や寄贈されたコレクションが展示されており、美術館のような空間を楽しむことができます。法事や地域の集まりにも使われるこのスペースは、寺院の多機能性を示す“からくり”の一つです。

本堂と涅槃堂の多面的な役割
本堂には薬師如来や釈迦三尊像などが鎮座し、広々とした空間が祈りの場を提供します。また、この場所は音楽イベントやダンスパフォーマンスの会場としても活用され、地域の人々が集まるコミュニケーションの場としての役割も果たしています。さらに、地下の涅槃堂には現代アートや壁画が展示され、死後の世界観を感じられる空間が広がっています。ここでは、故人と語らう時間を持てるだけでなく、生と死について考える機会を提供しています。こうした多様な空間設計により、寺院は人々の心を引きつける新しい形の場として存在しています。

寺院の理念と住職の願い
寺院内の鐘つき堂には猫やネズミの彫刻が配され、穏やかな雰囲気を醸し出しています。これらの“からくり”を通じて、住職は寺院が地域の人々にとって敷居が低く、誰もが気軽に訪れられる場所であるべきだと考えました。寺院は、仏教の教えを伝えるだけでなく、祈りや願いを込める場、生と死について考える場、さらには日常の癒しと楽しみを提供する場として設計されています。この場所で、訪れる人々がそれぞれの視点で何を感じ、どのような価値を見いだすかは自由です。ぜひ気軽に訪れて、この新しい寺院の形を体験してください。","[{""heading"":""新しい寺院体験"",""paragraphs"":[""大宮駅近くの寺院は、従来の寺院のイメージを覆し、現代的な要素を取り入れた“からくり”を特徴としています。この寺院は地域住民が気軽に訪れ、心安らげる場を提供することを目指しています。例えば、山門の左側には現代的なYUME観音とその周囲の可愛らしい像が鎮座し、音楽や照明による演出で異世界的な空間を作り出しています。一方、右側には中性的でSF的なデザインのSORA地蔵があり、仏教の教えを現代的に感じられる場所となっています。これらの空間は単なる祈りの場ではなく、訪れる人々に癒しとくつろぎを提供する新しい形の寺院体験を提供しています。""]},{""heading"":""寺院の多機能性と美術的要素"",""paragraphs"":[""山門をくぐると、圧倒的な迫力を持つ達磨像と釈迦像が出迎えます。これらの巨大な像は、気迫と力強さを感じさせる一方、そばに設置されたテーブルや給茶機が訪れる人々にリラックスできる場を提供しています。また、客殿には伝統技法で作られた観音菩薩像があり、休憩や祈りを捧げるスペースとして利用されています。さらに、2階の和室には書家による襖絵や寄贈されたコレクションが展示されており、美術館のような空間を楽しむことができます。法事や地域の集まりにも使われるこのスペースは、寺院の多機能性を示す“からくり”の一つです。""]},{""heading"":""本堂と涅槃堂の多面的な役割"",""paragraphs"":[""本堂には薬師如来や釈迦三尊像などが鎮座し、広々とした空間が祈りの場を提供します。また、この場所は音楽イベントやダンスパフォーマンスの会場としても活用され、地域の人々が集まるコミュニケーションの場としての役割も果たしています。さらに、地下の涅槃堂には現代アートや壁画が展示され、死後の世界観を感じられる空間が広がっています。ここでは、故人と語らう時間を持てるだけでなく、生と死について考える機会を提供しています。こうした多様な空間設計により、寺院は人々の心を引きつける新しい形の場として存在しています。""]},{""heading"":""寺院の理念と住職の願い"",""paragraphs"":[""寺院内の鐘つき堂には猫やネズミの彫刻が配され、穏やかな雰囲気を醸し出しています。これらの“からくり”を通じて、住職は寺院が地域の人々にとって敷居が低く、誰もが気軽に訪れられる場所であるべきだと考えました。寺院は、仏教の教えを伝えるだけでなく、祈りや願いを込める場、生と死について考える場、さらには日常の癒しと楽しみを提供する場として設計されています。この場所で、訪れる人々がそれぞれの視点で何を感じ、どのような価値を見いだすかは自由です。ぜひ気軽に訪れて、この新しい寺院の形を体験してください。""]}]",1069,https://artscouncil-saitama.jp/wp-content/uploads/2025/04/%E5%86%99%E7%9C%9F%E2%91%A0-1280x720.jpeg,"[{""role"":""eyecatch"",""url"":""https://artscouncil-saitama.jp/wp-content/uploads/2025/04/%E5%86%99%E7%9C%9F%E2%91%A0-1280x720.jpeg"",""alt"":"""",""width"":null,""height"":null,""local_path"":""images/ACS0037/01-eyecatch.webp"",""webp_width"":1280,""webp_height"":720,""source_bytes"":284048,""webp_bytes"":141414,""download_status"":""取得済み"",""download_error"":""""},{""role"":""body"",""url"":""https://artscouncil-saitama.jp/wp-content/uploads/2025/04/%E5%86%99%E7%9C%9F%E2%91%A2-415x311.jpeg"",""alt"":"""",""width"":415,""height"":311,""local_path"":""images/ACS0037/02-body.webp"",""webp_width"":415,""webp_height"":311,""source_bytes"":72159,""webp_bytes"":18164,""download_status"":""取得済み"",""download_error"":""""},{""role"":""body"",""url"":""https://artscouncil-saitama.jp/wp-content/uploads/2025/04/%E5%86%99%E7%9C%9F%E2%91%A4-415x311.jpeg"",""alt"":"""",""width"":415,""height"":311,""local_path"":""images/ACS0037/03-body.webp"",""webp_width"":415,""webp_height"":311,""source_bytes"":68978,""webp_bytes"":16876,""download_status"":""取得済み"",""download_error"":""""}]",3,"{""住所"":""さいたま市大宮区宮町3-6"",""HP/SNS"":""HP""}",さいたま市大宮区宮町3-6,,,HP,2025-04-18T14:00:41,2026-03-28T15:47:59,https://artscouncil-saitama.jp/library/survey/toukouji/,2026-08-02,取得済み,,著作物（オープンデータ対象外）,© Saitama City Cultural Promotion Foundation / アーツカウンシルさいたま,公式サイトの著作権表示・利用条件に従うこと。オープンデータCSVとは分離して利用する。,images/ACS0037/01-eyecatch.webp,3,176454
38,ACS0038,2409,nookpark,Nook&Park （ヌックパーク）,親と子が健やかに成長する場づくり,令和6年度,岩槻駅東口から徒歩3分、駅前商店街の路地裏にひっそりとたたずむ入口を入ると綺麗に飾り付けられた緑豊かな庭と1階で営業しているカフェの和やかな様子が伺える。建物は、人形のまち・岩槻で創業170年の歴史を持つ人形専門店・東玉（とうぎょく）の元社員寮であり、2015年の“さいたまトリエンナーレ２０１６プレイベント”及び《ホームベース・プロジェクトさいたま２０１６》…,"どこにあるの？ どんな場所？
岩槻駅東口から徒歩3分、駅前商店街の路地裏にひっそりとたたずむ入口を入ると綺麗に飾り付けられた緑豊かな庭と1階で営業しているカフェの和やかな様子が伺える。建物は、人形のまち・岩槻で創業170年の歴史を持つ人形専門店・東玉（とうぎょく）の元社員寮であり、2015年の“さいたまトリエンナーレ２０１６プレイベント”及び《ホームベース・プロジェクトさいたま２０１６》の拠点として国内外アーティストが滞在制作と公開プログラムを行った場所でもある。リノベーションスクール＠岩槻を契機にこの建物を改修、2022年からレンタルスペースNook&Park（ヌックパーク）として運営されている内野さんにこの場所を始めたきっかけ、想い、展望などお話を伺った。
※内野さんは、不動産活用|空き家再生|母子居住支援|コンサルティング『アーキリンクス株式会社』代表として、空き家再生を通して人や町に寄り添う仕組み作りなどを行っている方でもある。

スペースへの想いと現状
Nook&Park(ヌックパーク）の“Nook（ヌック）”には建築用語で「こじんまりとした隠れ家的な居心地のいい場所・隅っこ・角っこ」の意味があるとのこと。事業構想段階から「子育て世代へ向けたコンセプト〜特に親世代向けの“心の充足地”をどうやって作っていけるだろう」と模索していた内野さんチームの理念と、建物を所有する人形専門店・東玉（とうぎょく）の「子を思う心を育む」という企業理念とが共鳴し、岩槻ならではの親と子が健やかに成長する場づくり“隠れ家的な居心地のいい場所”づくりが行われていると言える。
現状、建物１階部分はokami∗cafeOryzae（おかみカフェオリゼ）〜日本の伝統的な食文化の麹（こうじ）や発酵食品を使った「体が整う」ランチ、お手製のケーキなどが好評。建物2階-3階部分はYOGA教室、ベビーマッサージ、キッズフラダンス、アロママッサージ・サロンやクラフト、アーティストのアトリエスペースとしても利用されている。また、建物内廊下階段など共用部分や大きな前庭部分も子育て世代に開かれたアートイベント、花火、焚き火、BBQ、竹細工体験イベント等のスペースとして積極的に活用されている。Nook&Park（ヌックパーク）オープン当初からの想い「チャレンジする人をもっと増やしたい・サポートしたい ！」というスペースの想いに共感した様々なテナントやイベント活動のスペースとして利用されている。

課題と展望
内野さんは、今後の課題と展望として、①テナント・イベント活動・スペース自体の認知度向上、②岩槻の文化発信、文化継承の役割を挙げる。特に②ついては、人形専門店・東玉（とうぎょく）との協働プロジェクト〜アップサイクル事業としての「木目込」文化を伝えるオリジナル・クラフト開発、「木目込」文化体験イベントなどをNook&Park（ヌックパーク）をはじめとした地域各地（PTA連携ー小学校チャレンジスクール等）で展開していく予定とのこと。
駅前路地裏の隠れ家的に居心地のいい場所Nook&Park（ヌックパーク）から、岩槻発の様々な新しい活動と取り組みが続々生まれてくるワクワクを感じさせてもらい心が温かくなった。是非今後の展開を注目し、そして応援していきたい。","[{""heading"":""どこにあるの？ どんな場所？"",""paragraphs"":[""岩槻駅東口から徒歩3分、駅前商店街の路地裏にひっそりとたたずむ入口を入ると綺麗に飾り付けられた緑豊かな庭と1階で営業しているカフェの和やかな様子が伺える。建物は、人形のまち・岩槻で創業170年の歴史を持つ人形専門店・東玉（とうぎょく）の元社員寮であり、2015年の“さいたまトリエンナーレ２０１６プレイベント”及び《ホームベース・プロジェクトさいたま２０１６》の拠点として国内外アーティストが滞在制作と公開プログラムを行った場所でもある。リノベーションスクール＠岩槻を契機にこの建物を改修、2022年からレンタルスペースNook&Park（ヌックパーク）として運営されている内野さんにこの場所を始めたきっかけ、想い、展望などお話を伺った。\n※内野さんは、不動産活用|空き家再生|母子居住支援|コンサルティング『アーキリンクス株式会社』代表として、空き家再生を通して人や町に寄り添う仕組み作りなどを行っている方でもある。""]},{""heading"":""スペースへの想いと現状"",""paragraphs"":[""Nook&Park(ヌックパーク）の“Nook（ヌック）”には建築用語で「こじんまりとした隠れ家的な居心地のいい場所・隅っこ・角っこ」の意味があるとのこと。事業構想段階から「子育て世代へ向けたコンセプト〜特に親世代向けの“心の充足地”をどうやって作っていけるだろう」と模索していた内野さんチームの理念と、建物を所有する人形専門店・東玉（とうぎょく）の「子を思う心を育む」という企業理念とが共鳴し、岩槻ならではの親と子が健やかに成長する場づくり“隠れ家的な居心地のいい場所”づくりが行われていると言える。"",""現状、建物１階部分はokami∗cafeOryzae（おかみカフェオリゼ）〜日本の伝統的な食文化の麹（こうじ）や発酵食品を使った「体が整う」ランチ、お手製のケーキなどが好評。建物2階-3階部分はYOGA教室、ベビーマッサージ、キッズフラダンス、アロママッサージ・サロンやクラフト、アーティストのアトリエスペースとしても利用されている。また、建物内廊下階段など共用部分や大きな前庭部分も子育て世代に開かれたアートイベント、花火、焚き火、BBQ、竹細工体験イベント等のスペースとして積極的に活用されている。Nook&Park（ヌックパーク）オープン当初からの想い「チャレンジする人をもっと増やしたい・サポートしたい ！」というスペースの想いに共感した様々なテナントやイベント活動のスペースとして利用されている。""]},{""heading"":""課題と展望"",""paragraphs"":[""内野さんは、今後の課題と展望として、①テナント・イベント活動・スペース自体の認知度向上、②岩槻の文化発信、文化継承の役割を挙げる。特に②ついては、人形専門店・東玉（とうぎょく）との協働プロジェクト〜アップサイクル事業としての「木目込」文化を伝えるオリジナル・クラフト開発、「木目込」文化体験イベントなどをNook&Park（ヌックパーク）をはじめとした地域各地（PTA連携ー小学校チャレンジスクール等）で展開していく予定とのこと。"",""駅前路地裏の隠れ家的に居心地のいい場所Nook&Park（ヌックパーク）から、岩槻発の様々な新しい活動と取り組みが続々生まれてくるワクワクを感じさせてもらい心が温かくなった。是非今後の展開を注目し、そして応援していきたい。""]}]",1378,https://artscouncil-saitama.jp/wp-content/uploads/2025/04/NOOKPARK-1-1280x720.png,"[{""role"":""eyecatch"",""url"":""https://artscouncil-saitama.jp/wp-content/uploads/2025/04/NOOKPARK-1-1280x720.png"",""alt"":"""",""width"":null,""height"":null,""local_path"":""images/ACS0038/01-eyecatch.webp"",""webp_width"":1280,""webp_height"":720,""source_bytes"":1635048,""webp_bytes"":148756,""download_status"":""取得済み"",""download_error"":""""},{""role"":""body"",""url"":""https://artscouncil-saitama.jp/wp-content/uploads/2025/04/NOOKPARK-2-415x310.png"",""alt"":"""",""width"":415,""height"":310,""local_path"":""images/ACS0038/02-body.webp"",""webp_width"":415,""webp_height"":310,""source_bytes"":209521,""webp_bytes"":17580,""download_status"":""取得済み"",""download_error"":""""},{""role"":""body"",""url"":""https://artscouncil-saitama.jp/wp-content/uploads/2025/04/NOOKPARK-3-415x311.png"",""alt"":"""",""width"":415,""height"":311,""local_path"":""images/ACS0038/03-body.webp"",""webp_width"":415,""webp_height"":311,""source_bytes"":219312,""webp_bytes"":18300,""download_status"":""取得済み"",""download_error"":""""}]",3,"{""住所"":""さいたま市岩槻区本町3-10-17"",""代表"":""内野 巧也"",""HP/SNS"":""Instagram""}",さいたま市岩槻区本町3-10-17,,代表: 内野 巧也,Instagram,2025-04-18T14:00:28,2026-03-28T15:48:13,https://artscouncil-saitama.jp/library/survey/nookpark/,2026-08-02,取得済み,,著作物（オープンデータ対象外）,© Saitama City Cultural Promotion Foundation / アーツカウンシルさいたま,公式サイトの著作権表示・利用条件に従うこと。オープンデータCSVとは分離して利用する。,images/ACS0038/01-eyecatch.webp,3,184636
39,ACS0039,2392,maru,ｍárú（マールーウ）,地元食材たっぷりの美味しいごはんと、秘密の花園のような四季折々のガーデンが、アーティスティック！,令和6年度,もともとは高校生の頃からメイクアップアーティストを志し、そのまま美容の専門学校へ行き美容師をしていた店長の町田さん(トップ写真右)。しかし、美容以外の仕事もしてみたいと感じて、カフェ巡りや料理が好きで両親が飲食店をしていたこともあり、飲食の道に。移動販売ができる中古車を手に入れたのがきっかけでカレーの店を始めた。２年間の移動販売を経て、2004年に大宮の大門…,"オープンのきっかけ、経緯は？
もともとは高校生の頃からメイクアップアーティストを志し、そのまま美容の専門学校へ行き美容師をしていた店長の町田さん(トップ写真右)。しかし、美容以外の仕事もしてみたいと感じて、カフェ巡りや料理が好きで両親が飲食店をしていたこともあり、飲食の道に。移動販売ができる中古車を手に入れたのがきっかけでカレーの店を始めた。２年間の移動販売を経て、2004年に大宮の大門町で店舗オープン。2012年、義理の母が手塩にかけて大切に育てている庭のある自宅敷地内へ移転し、現在の食事と景色を楽しめる店に。

どんな場所なの？
与野駅から徒歩11分、さいたま新都心駅から徒歩15分ほど。住宅地の一角にマールーウはある。四季折々に花が咲き緑溢れる美しい庭。元々は納屋だった建物を改装した店内。天井には年月を感じさせる木材の梁。壁にはドライフラワーでできたオーナメントやキャンドル。ガラス作家のキャンドル立てなどが並ぶ、落ち着いた雰囲気の店内。地元の旬の野菜をふんだんに使ったランチとスイーツが美味しいと評判の人気店。駐車場は3台。ランチは予約をした方が確実◎

顔が見える関係を大切に
マールーウに行くと、知っている人や会いたかった人にバッタリ会うことがよくある。それだけ、価値観を共有できる人たちの集う場所になっているのだろう。町田さんの人柄もあって、店内には笑顔が溢れている。店で使っている食材や、飾ってあるもの、販売している作品など、その多くが親しくしている農家さんや作家さんのものだそう。特に野菜や卵などの食材は近くの農家で仕入れることが多く、育てている人も環境も見知っているので「毎日、最高のものを買えるこのロケーションが、すごく良い。料理をしていて嬉しくなります。」と町田さんは語る。

つながりの中で生まれて行くもの
ギャラリーカフェではないので一般的な場所貸しはしていない。しかし、つながりの中で企画が持ち込まれると、演奏会、上映会などのイベントを開催して来た。展示も同様で、例えば、庭師のニワシゴトさんが剪定した木で作ったトテムを飾っていたり、ちょうど取材時に来店していた画家のMayamoonさん(トップ写真左)の絵が飾られていたり。今後も何かの作品を店内で楽しむことができそう。「変わらず、元気にやって行きたいだけですよー。」と、町田さんは話してくれた。","[{""heading"":""オープンのきっかけ、経緯は？"",""paragraphs"":[""もともとは高校生の頃からメイクアップアーティストを志し、そのまま美容の専門学校へ行き美容師をしていた店長の町田さん(トップ写真右)。しかし、美容以外の仕事もしてみたいと感じて、カフェ巡りや料理が好きで両親が飲食店をしていたこともあり、飲食の道に。移動販売ができる中古車を手に入れたのがきっかけでカレーの店を始めた。２年間の移動販売を経て、2004年に大宮の大門町で店舗オープン。2012年、義理の母が手塩にかけて大切に育てている庭のある自宅敷地内へ移転し、現在の食事と景色を楽しめる店に。""]},{""heading"":""どんな場所なの？"",""paragraphs"":[""与野駅から徒歩11分、さいたま新都心駅から徒歩15分ほど。住宅地の一角にマールーウはある。四季折々に花が咲き緑溢れる美しい庭。元々は納屋だった建物を改装した店内。天井には年月を感じさせる木材の梁。壁にはドライフラワーでできたオーナメントやキャンドル。ガラス作家のキャンドル立てなどが並ぶ、落ち着いた雰囲気の店内。地元の旬の野菜をふんだんに使ったランチとスイーツが美味しいと評判の人気店。駐車場は3台。ランチは予約をした方が確実◎""]},{""heading"":""顔が見える関係を大切に"",""paragraphs"":[""マールーウに行くと、知っている人や会いたかった人にバッタリ会うことがよくある。それだけ、価値観を共有できる人たちの集う場所になっているのだろう。町田さんの人柄もあって、店内には笑顔が溢れている。店で使っている食材や、飾ってあるもの、販売している作品など、その多くが親しくしている農家さんや作家さんのものだそう。特に野菜や卵などの食材は近くの農家で仕入れることが多く、育てている人も環境も見知っているので「毎日、最高のものを買えるこのロケーションが、すごく良い。料理をしていて嬉しくなります。」と町田さんは語る。""]},{""heading"":""つながりの中で生まれて行くもの"",""paragraphs"":[""ギャラリーカフェではないので一般的な場所貸しはしていない。しかし、つながりの中で企画が持ち込まれると、演奏会、上映会などのイベントを開催して来た。展示も同様で、例えば、庭師のニワシゴトさんが剪定した木で作ったトテムを飾っていたり、ちょうど取材時に来店していた画家のMayamoonさん(トップ写真左)の絵が飾られていたり。今後も何かの作品を店内で楽しむことができそう。「変わらず、元気にやって行きたいだけですよー。」と、町田さんは話してくれた。""]}]",993,https://artscouncil-saitama.jp/wp-content/uploads/2025/04/%E3%83%9E%E3%83%BC%E3%83%AB%E3%83%BC%E3%82%A6%E3%81%95%E3%82%93-1-1280x720.jpg,"[{""role"":""eyecatch"",""url"":""https://artscouncil-saitama.jp/wp-content/uploads/2025/04/%E3%83%9E%E3%83%BC%E3%83%AB%E3%83%BC%E3%82%A6%E3%81%95%E3%82%93-1-1280x720.jpg"",""alt"":"""",""width"":null,""height"":null,""local_path"":""images/ACS0039/01-eyecatch.webp"",""webp_width"":1280,""webp_height"":720,""source_bytes"":205598,""webp_bytes"":76958,""download_status"":""取得済み"",""download_error"":""""},{""role"":""body"",""url"":""https://artscouncil-saitama.jp/wp-content/uploads/2025/04/%E3%83%9E%E3%83%BC%E3%83%AB%E3%83%BC%E3%82%A6%E3%81%95%E3%82%93-2-415x311.jpg"",""alt"":"""",""width"":415,""height"":311,""local_path"":""images/ACS0039/02-body.webp"",""webp_width"":415,""webp_height"":311,""source_bytes"":24423,""webp_bytes"":8356,""download_status"":""取得済み"",""download_error"":""""},{""role"":""body"",""url"":""https://artscouncil-saitama.jp/wp-content/uploads/2025/04/%E3%83%9E%E3%83%BC%E3%83%AB%E3%83%BC%E3%82%A6%E3%81%95%E3%82%93-6-415x311.jpg"",""alt"":"""",""width"":415,""height"":311,""local_path"":""images/ACS0039/03-body.webp"",""webp_width"":415,""webp_height"":311,""source_bytes"":41188,""webp_bytes"":19194,""download_status"":""取得済み"",""download_error"":""""}]",3,"{""住所"":""さいたま市大宮区北袋町1-236"",""代表"":""町田 優子"",""HP/SNS"":""Instagram\nLINE""}",さいたま市大宮区北袋町1-236,,代表: 町田 優子,"Instagram
LINE",2025-04-18T14:00:08,2026-03-28T15:48:51,https://artscouncil-saitama.jp/library/survey/maru/,2026-08-02,取得済み,,著作物（オープンデータ対象外）,© Saitama City Cultural Promotion Foundation / アーツカウンシルさいたま,公式サイトの著作権表示・利用条件に従うこと。オープンデータCSVとは分離して利用する。,images/ACS0039/01-eyecatch.webp,3,104508
40,ACS0040,2369,mizuno-bk,水野書店＆Cafe mao-mao,長い歴史を重ねた老舗書店と地元民が憩うカフェギャラリー,令和6年度,岩槻駅から徒歩約６分の現在の場所に居を構えたのは江戸時代にさかのぼり、殿様について来た御用商人だった。はっきりとは分からないが、その頃から紙に関わる仕事に携わっていたようだ。明治になり、学制の導入によって教科書を扱う書店となり、地元民に愛される店として150年あまり。書店を本筋としてきたが、印刷業に手を広げたり学習塾を開いて経営を支えたこともあった。学習塾を…,"歴史ある書店として
岩槻駅から徒歩約６分の現在の場所に居を構えたのは江戸時代にさかのぼり、殿様について来た御用商人だった。はっきりとは分からないが、その頃から紙に関わる仕事に携わっていたようだ。明治になり、学制の導入によって教科書を扱う書店となり、地元民に愛される店として150年あまり。書店を本筋としてきたが、印刷業に手を広げたり学習塾を開いて経営を支えたこともあった。学習塾を開いていた裏手の家屋は現在、フリースクールの場として貸している。
入ってすぐ気がつくのは正面の歴史書と、奥にある子供が遊べるキッズコーナで、その周りにはずらりと絵本が並んでいる。絵本と歴史書はオウナーの水野夫妻がそれぞれ得意とする分野で力を入れている。また左手の平置き台には、その時々の話題に関連した本や、お勧めの本が並び、１ヶ月ごとに置き換えられている。

Cafe mao-maoの設立
本屋だけでは経営が難しくなるのを見越して、各地の書店を見て回り、いろいろな勉強会に参加して情報を集め、書店を仕切って皆が気軽に集えるコミュニティカフェをつくろうと決意。本を買った後ゆっくり読めるスペースが欲しいという客の声にも後押しされた。近くに岩槻人形博物館が開館して人の流れが変わるのを察知し、その前にオープンしたいと事業を進め、2019年にCafe mao-maoを書店に併設した。mao-maoという名前は、「くまのがっこう」という絵本に出てくるお母さん牛のマオマオからとったもので、孫の提案だ。

コミュニティカフェとしてのmao-mao
Cafeはイベントにも使用できるように設計され、白い壁は作品を展示したり、スクリーンとして使えるように考えられている。また天井にはプロジェクターやスポットライトも備えられている。
ふだんは地元民が気軽にランチを食べたりお茶が飲めるカフェで常連客も多い。イベントは場所貸しが基本だが、地元の人たちの活動を応援して盛り上げたいという想いが強い。
地元の絵本作家やアーティストたちのイベント、映画の上映会や歴史の勉強会など幅広いジャンルのイベントが開催されている。店内には電子ピアノがありコンサートも開かれる。様々なイベントが開かれているが、必ず「振り返り」を行い、新たなイベントに継ないでいくことを大事にしている。

これから
インタビュー中に訪れた常連客やフリースクールの子供たちに話しかける時枝さんには人を包み込むような温かさが感じられる。経営の中心として店を引っ張り、早くからデジタルによる発信に力を入れてきた時枝さんは働きすぎて体を壊したこともあり、あくせくせずに、書店としての基本理念を大事にしながら次世代につなげ、誰もが楽しめる場所にしたいと語る。","[{""heading"":""歴史ある書店として"",""paragraphs"":[""岩槻駅から徒歩約６分の現在の場所に居を構えたのは江戸時代にさかのぼり、殿様について来た御用商人だった。はっきりとは分からないが、その頃から紙に関わる仕事に携わっていたようだ。明治になり、学制の導入によって教科書を扱う書店となり、地元民に愛される店として150年あまり。書店を本筋としてきたが、印刷業に手を広げたり学習塾を開いて経営を支えたこともあった。学習塾を開いていた裏手の家屋は現在、フリースクールの場として貸している。\n入ってすぐ気がつくのは正面の歴史書と、奥にある子供が遊べるキッズコーナで、その周りにはずらりと絵本が並んでいる。絵本と歴史書はオウナーの水野夫妻がそれぞれ得意とする分野で力を入れている。また左手の平置き台には、その時々の話題に関連した本や、お勧めの本が並び、１ヶ月ごとに置き換えられている。""]},{""heading"":""Cafe mao-maoの設立"",""paragraphs"":[""本屋だけでは経営が難しくなるのを見越して、各地の書店を見て回り、いろいろな勉強会に参加して情報を集め、書店を仕切って皆が気軽に集えるコミュニティカフェをつくろうと決意。本を買った後ゆっくり読めるスペースが欲しいという客の声にも後押しされた。近くに岩槻人形博物館が開館して人の流れが変わるのを察知し、その前にオープンしたいと事業を進め、2019年にCafe mao-maoを書店に併設した。mao-maoという名前は、「くまのがっこう」という絵本に出てくるお母さん牛のマオマオからとったもので、孫の提案だ。""]},{""heading"":""コミュニティカフェとしてのmao-mao"",""paragraphs"":[""Cafeはイベントにも使用できるように設計され、白い壁は作品を展示したり、スクリーンとして使えるように考えられている。また天井にはプロジェクターやスポットライトも備えられている。\nふだんは地元民が気軽にランチを食べたりお茶が飲めるカフェで常連客も多い。イベントは場所貸しが基本だが、地元の人たちの活動を応援して盛り上げたいという想いが強い。\n地元の絵本作家やアーティストたちのイベント、映画の上映会や歴史の勉強会など幅広いジャンルのイベントが開催されている。店内には電子ピアノがありコンサートも開かれる。様々なイベントが開かれているが、必ず「振り返り」を行い、新たなイベントに継ないでいくことを大事にしている。""]},{""heading"":""これから"",""paragraphs"":[""インタビュー中に訪れた常連客やフリースクールの子供たちに話しかける時枝さんには人を包み込むような温かさが感じられる。経営の中心として店を引っ張り、早くからデジタルによる発信に力を入れてきた時枝さんは働きすぎて体を壊したこともあり、あくせくせずに、書店としての基本理念を大事にしながら次世代につなげ、誰もが楽しめる場所にしたいと語る。""]}]",1139,https://artscouncil-saitama.jp/wp-content/uploads/2025/04/IMG_0685.jpg,"[{""role"":""eyecatch"",""url"":""https://artscouncil-saitama.jp/wp-content/uploads/2025/04/IMG_0685.jpg"",""alt"":"""",""width"":null,""height"":null,""local_path"":""images/ACS0040/01-eyecatch.webp"",""webp_width"":640,""webp_height"":480,""source_bytes"":148933,""webp_bytes"":52686,""download_status"":""取得済み"",""download_error"":""""},{""role"":""body"",""url"":""https://artscouncil-saitama.jp/wp-content/uploads/2025/04/IMG_0700-415x311.jpg"",""alt"":"""",""width"":415,""height"":311,""local_path"":""images/ACS0040/02-body.webp"",""webp_width"":415,""webp_height"":311,""source_bytes"":117977,""webp_bytes"":22108,""download_status"":""取得済み"",""download_error"":""""},{""role"":""body"",""url"":""https://artscouncil-saitama.jp/wp-content/uploads/2025/04/IMG_0686-415x311.jpg"",""alt"":"""",""width"":415,""height"":311,""local_path"":""images/ACS0040/03-body.webp"",""webp_width"":415,""webp_height"":311,""source_bytes"":102570,""webp_bytes"":14054,""download_status"":""取得済み"",""download_error"":""""}]",3,"{""住所"":""さいたま市岩槻区本町4-2-10"",""代表"":""水野 時枝"",""HP/SNS"":""HP""}",さいたま市岩槻区本町4-2-10,,代表: 水野 時枝,HP,2025-04-18T13:59:53,2026-03-28T15:49:04,https://artscouncil-saitama.jp/library/survey/mizuno-bk/,2026-08-02,取得済み,,著作物（オープンデータ対象外）,© Saitama City Cultural Promotion Foundation / アーツカウンシルさいたま,公式サイトの著作権表示・利用条件に従うこと。オープンデータCSVとは分離して利用する。,images/ACS0040/01-eyecatch.webp,3,88848
41,ACS0041,4161,ethicalcafe,エシカルcafe としょかんのとなり,心と体に優しい場所,令和7年度,"このカフェは、精神障害のある方の地域生活を支援する「公益社団法人やどかりの里」が中心となって行う『未来を拓く つなぐ・つくるプロジェクト』の一環として、同団体が運営している。
地域拠点としてカフェの運営を検討していたところに、現在地の公募が出たご縁で、2022年にカフェとしてオープンした。","オープンの経緯・きっかけは？
このカフェは、精神障害のある方の地域生活を支援する「公益社団法人やどかりの里」が中心となって行う『未来を拓く つなぐ・つくるプロジェクト』の一環として、同団体が運営している。
地域拠点としてカフェの運営を検討していたところに、現在地の公募が出たご縁で、2022年にカフェとしてオープンした。

「未来を拓く つなぐ・つくるプロジェクト」について
このプロジェクトは、精神障害のある方たちの支援を行う中で、法的な枠組みだけでは一人一人の生活を支えることが難しいという課題認識から始まった。また高齢者や児童、貧困者支援など様々な分野で同様の課題があることから、「地域のつながりを基盤にした暮らしやすい地域づくり」を目指している。その一環として、緑のトラスト保全第１号地（*）の保全活動や大宮八幡中学校での地域巡回事業など、いくつかの場所で定期的なイベントを開催。エシカルカフェは常時開いている地域拠点として、誰かとつながるきっかけを提供する場所にしていけたら…と考えている。
*1号地 見沼田圃周辺斜面林

どのようなカフェか
カフェのテーマは、人や地球環境、社会、地域におもいやりのある考え方や行動を意味する「エシカル」。心と体に優しい食や品物の提供ができれば…と試行錯誤している。障害のある人たちが作った商品やこだわりの食品、フェアトレード商品などの販売や情報発信も行っている。
たとえば、カフェで使っているパンは川口市で精神障害のある人の働くことを支援する「晴れ晴れ」が製造。
原材料だけでなく味にもこだわって作られている。
また「旅するぞうさん」という大きな絵画の巡回活動も行う。「旅するぞうさん」は100号サイズの大きな絵。この絵をとても気に入った人が購入し、ぜひ多くの方に知ってほしいと無料で貸し出していて、現在、やどかりの里がそのコーディネートを行っている。貸し出しがないときは、このカフェに飾られている。
楽しみを共有しながらつながる機会として、みんなで折り紙を折るイベント「折り紙タイム」も毎月１回開催。

カフェに対する想い
カフェで「エシカル」に触れてもらう中で、自分が今関わっていることだけでなく、障害のある人たちのこと、自分たちが暮らす地域のこと、環境のことなど、自分の周りに目を向けてもらえるような機会を提供したい。また一人一人の選択が社会にどう影響するかということに触れ、考えていただきたい。

今後の展開は？
障害のある人たちの作る商品や心や体に優しい食品などの取り扱いをもっと増やしていくとともに、地域で作られた食材などもメニューに取り入れていけたらと思っている。
健康面での小さな気がかりなど、病院へいくには気が進まないというとき、カフェにいる看護師や薬剤師などの専門職と気軽に相談できる機会として、まちなか保健室の定期開催も検討中。入り口として、このカフェを活用してもらいたい。","[{""heading"":""オープンの経緯・きっかけは？"",""paragraphs"":[""このカフェは、精神障害のある方の地域生活を支援する「公益社団法人やどかりの里」が中心となって行う『未来を拓く つなぐ・つくるプロジェクト』の一環として、同団体が運営している。\n地域拠点としてカフェの運営を検討していたところに、現在地の公募が出たご縁で、2022年にカフェとしてオープンした。""]},{""heading"":""「未来を拓く つなぐ・つくるプロジェクト」について"",""paragraphs"":[""このプロジェクトは、精神障害のある方たちの支援を行う中で、法的な枠組みだけでは一人一人の生活を支えることが難しいという課題認識から始まった。また高齢者や児童、貧困者支援など様々な分野で同様の課題があることから、「地域のつながりを基盤にした暮らしやすい地域づくり」を目指している。その一環として、緑のトラスト保全第１号地（*）の保全活動や大宮八幡中学校での地域巡回事業など、いくつかの場所で定期的なイベントを開催。エシカルカフェは常時開いている地域拠点として、誰かとつながるきっかけを提供する場所にしていけたら…と考えている。"",""*1号地 見沼田圃周辺斜面林""]},{""heading"":""どのようなカフェか"",""paragraphs"":[""カフェのテーマは、人や地球環境、社会、地域におもいやりのある考え方や行動を意味する「エシカル」。心と体に優しい食や品物の提供ができれば…と試行錯誤している。障害のある人たちが作った商品やこだわりの食品、フェアトレード商品などの販売や情報発信も行っている。\nたとえば、カフェで使っているパンは川口市で精神障害のある人の働くことを支援する「晴れ晴れ」が製造。\n原材料だけでなく味にもこだわって作られている。\nまた「旅するぞうさん」という大きな絵画の巡回活動も行う。「旅するぞうさん」は100号サイズの大きな絵。この絵をとても気に入った人が購入し、ぜひ多くの方に知ってほしいと無料で貸し出していて、現在、やどかりの里がそのコーディネートを行っている。貸し出しがないときは、このカフェに飾られている。\n楽しみを共有しながらつながる機会として、みんなで折り紙を折るイベント「折り紙タイム」も毎月１回開催。""]},{""heading"":""カフェに対する想い"",""paragraphs"":[""カフェで「エシカル」に触れてもらう中で、自分が今関わっていることだけでなく、障害のある人たちのこと、自分たちが暮らす地域のこと、環境のことなど、自分の周りに目を向けてもらえるような機会を提供したい。また一人一人の選択が社会にどう影響するかということに触れ、考えていただきたい。""]},{""heading"":""今後の展開は？"",""paragraphs"":[""障害のある人たちの作る商品や心や体に優しい食品などの取り扱いをもっと増やしていくとともに、地域で作られた食材などもメニューに取り入れていけたらと思っている。\n健康面での小さな気がかりなど、病院へいくには気が進まないというとき、カフェにいる看護師や薬剤師などの専門職と気軽に相談できる機会として、まちなか保健室の定期開催も検討中。入り口として、このカフェを活用してもらいたい。""]}]",1221,https://artscouncil-saitama.jp/wp-content/uploads/2026/03/5-1-1280x720.jpg,"[{""role"":""eyecatch"",""url"":""https://artscouncil-saitama.jp/wp-content/uploads/2026/03/5-1-1280x720.jpg"",""alt"":"""",""width"":null,""height"":null,""local_path"":""images/ACS0041/01-eyecatch.webp"",""webp_width"":1280,""webp_height"":720,""source_bytes"":244670,""webp_bytes"":84750,""download_status"":""取得済み"",""download_error"":""""},{""role"":""body"",""url"":""https://artscouncil-saitama.jp/wp-content/uploads/2026/03/5-2-415x311.jpg"",""alt"":"""",""width"":415,""height"":311,""local_path"":""images/ACS0041/02-body.webp"",""webp_width"":415,""webp_height"":311,""source_bytes"":40331,""webp_bytes"":10548,""download_status"":""取得済み"",""download_error"":""""},{""role"":""body"",""url"":""https://artscouncil-saitama.jp/wp-content/uploads/2026/03/5-3-415x311.jpg"",""alt"":"""",""width"":415,""height"":311,""local_path"":""images/ACS0041/03-body.webp"",""webp_width"":415,""webp_height"":311,""source_bytes"":45771,""webp_bytes"":21546,""download_status"":""取得済み"",""download_error"":""""}]",3,"{""所在地"":""さいたま市見沼区堀崎町48－1"",""電話番号"":""070-3260-2020"",""代表"":""宗野文"",""HP/SNS"":""ホームページ""}",さいたま市見沼区堀崎町48－1,070-3260-2020,代表: 宗野文,ホームページ,2026-03-28T15:46:01,2026-03-28T15:46:01,https://artscouncil-saitama.jp/library/survey/ethicalcafe/,2026-08-02,取得済み,,著作物（オープンデータ対象外）,© Saitama City Cultural Promotion Foundation / アーツカウンシルさいたま,公式サイトの著作権表示・利用条件に従うこと。オープンデータCSVとは分離して利用する。,images/ACS0041/01-eyecatch.webp,3,116844
42,ACS0042,4144,renard,絵本と珈琲 ルナール,大切なことは、絵本の中に,令和7年度,中浦和駅から徒歩20分、住宅街の中を歩いていくと見えてくる、かわいいキツネの暖簾がかかったお店が、今回訪れるカフェ「絵本と珈琲 ルナール」(以下、ルナール)だ。お店の中に入ると、笑顔のオーナーさんと沢山の絵本が迎えてくれた。このカフェでは、店内で絵本を購入したり、食事をしながら手に取って読んだりすることができる。,"絵本に囲まれた素敵な空間
中浦和駅から徒歩20分、住宅街の中を歩いていくと見えてくる、かわいいキツネの暖簾がかかったお店が、今回訪れるカフェ「絵本と珈琲 ルナール」(以下、ルナール)だ。お店の中に入ると、笑顔のオーナーさんと沢山の絵本が迎えてくれた。このカフェでは、店内で絵本を購入したり、食事をしながら手に取って読んだりすることができる。

オープンのきっかけと絵本に対する思い
今回お話を伺ったのは、オーナーの島田久美子さん。お店を始めたきっかけと絵本に対する思いについて聞かせていただいた。
ルナールがオープンしたのは2022年5月。元々、父親が地元で本屋を経営していた影響で絵本が好きだった島田さんは、父親のお店が閉店となるタイミングで、もっと絵本の魅力を楽しんでもらえて、ゆっくりできる場をつくりたいとの思いから、本屋にカフェを併設したお店を開くことにした。ルナールでは、絵本に関わるイベントも多く開催している。各人が好きな絵本を持ち寄って朗読するお話会や原画を飾る展示の鑑賞などを通して、絵本好きの人と交流することができるのも魅力の1つだ。また、ルナールで販売している絵本は、すべて島田さんが読んで面白いと思ったオススメの本ばかり。
「絵本は大人も子どもも楽しめる。少しでも絵本の良さをみなさんに伝えていきたい。」そう語る島田さんは、取材の合間にも楽しそうに絵本を手に取っていた。

今後に向けた展望や思い
そんな島田さんに今後の展望を聞いてみた。
まだ模索中とのことだったが、熱い思いを語っていただいた。
「開店当時、最初はお客さんもそれほど多くはなかったが、ありがたいことに色々な方に来ていただいて、つながりも増えてきた。今後も、1番は絵本をみなさんに楽しんでほしい。そして絵本を軸にして、お客さん同士もゆるやかにつながっていけたらいいな、と思っている。お子さん連れのご家族に多く来ていただいていることもとても嬉しい。お子さんも楽しめて、お母さんもリラックスして休憩できるような場所であれたらと思っている。」

最後に
「ルナール」というお店の名前の意味は、フランス語の「キツネ」。これは島田さんが大好きな絵本「星の王子さま」に出てくるキツネに由来している。
「大切なことは目に見えない」という名言が印象的な絵本だが、島田さんは言う。
「大切なことは絵本の中に。」
みなさんも絵本を開いてみたくなったら、ルナールを訪れてみるといいかもしれない。","[{""heading"":""絵本に囲まれた素敵な空間"",""paragraphs"":[""中浦和駅から徒歩20分、住宅街の中を歩いていくと見えてくる、かわいいキツネの暖簾がかかったお店が、今回訪れるカフェ「絵本と珈琲 ルナール」(以下、ルナール)だ。お店の中に入ると、笑顔のオーナーさんと沢山の絵本が迎えてくれた。このカフェでは、店内で絵本を購入したり、食事をしながら手に取って読んだりすることができる。""]},{""heading"":""オープンのきっかけと絵本に対する思い"",""paragraphs"":[""今回お話を伺ったのは、オーナーの島田久美子さん。お店を始めたきっかけと絵本に対する思いについて聞かせていただいた。\nルナールがオープンしたのは2022年5月。元々、父親が地元で本屋を経営していた影響で絵本が好きだった島田さんは、父親のお店が閉店となるタイミングで、もっと絵本の魅力を楽しんでもらえて、ゆっくりできる場をつくりたいとの思いから、本屋にカフェを併設したお店を開くことにした。ルナールでは、絵本に関わるイベントも多く開催している。各人が好きな絵本を持ち寄って朗読するお話会や原画を飾る展示の鑑賞などを通して、絵本好きの人と交流することができるのも魅力の1つだ。また、ルナールで販売している絵本は、すべて島田さんが読んで面白いと思ったオススメの本ばかり。\n「絵本は大人も子どもも楽しめる。少しでも絵本の良さをみなさんに伝えていきたい。」そう語る島田さんは、取材の合間にも楽しそうに絵本を手に取っていた。""]},{""heading"":""今後に向けた展望や思い"",""paragraphs"":[""そんな島田さんに今後の展望を聞いてみた。\nまだ模索中とのことだったが、熱い思いを語っていただいた。\n「開店当時、最初はお客さんもそれほど多くはなかったが、ありがたいことに色々な方に来ていただいて、つながりも増えてきた。今後も、1番は絵本をみなさんに楽しんでほしい。そして絵本を軸にして、お客さん同士もゆるやかにつながっていけたらいいな、と思っている。お子さん連れのご家族に多く来ていただいていることもとても嬉しい。お子さんも楽しめて、お母さんもリラックスして休憩できるような場所であれたらと思っている。」""]},{""heading"":""最後に"",""paragraphs"":[""「ルナール」というお店の名前の意味は、フランス語の「キツネ」。これは島田さんが大好きな絵本「星の王子さま」に出てくるキツネに由来している。\n「大切なことは目に見えない」という名言が印象的な絵本だが、島田さんは言う。\n「大切なことは絵本の中に。」\nみなさんも絵本を開いてみたくなったら、ルナールを訪れてみるといいかもしれない。""]}]",1030,https://artscouncil-saitama.jp/wp-content/uploads/2026/03/200023-1280x720.jpg,"[{""role"":""eyecatch"",""url"":""https://artscouncil-saitama.jp/wp-content/uploads/2026/03/200023-1280x720.jpg"",""alt"":"""",""width"":null,""height"":null,""local_path"":""images/ACS0042/01-eyecatch.webp"",""webp_width"":1280,""webp_height"":720,""source_bytes"":168058,""webp_bytes"":62014,""download_status"":""取得済み"",""download_error"":""""},{""role"":""body"",""url"":""https://artscouncil-saitama.jp/wp-content/uploads/2026/03/200017-415x277.jpg"",""alt"":"""",""width"":415,""height"":277,""local_path"":""images/ACS0042/02-body.webp"",""webp_width"":415,""webp_height"":277,""source_bytes"":40566,""webp_bytes"":19032,""download_status"":""取得済み"",""download_error"":""""},{""role"":""body"",""url"":""https://artscouncil-saitama.jp/wp-content/uploads/2026/03/200033-415x277.jpg"",""alt"":"""",""width"":415,""height"":277,""local_path"":""images/ACS0042/03-body.webp"",""webp_width"":415,""webp_height"":277,""source_bytes"":29050,""webp_bytes"":11756,""download_status"":""取得済み"",""download_error"":""""},{""role"":""body"",""url"":""https://artscouncil-saitama.jp/wp-content/uploads/2026/03/200008-415x276.jpg"",""alt"":"""",""width"":415,""height"":276,""local_path"":""images/ACS0042/04-body.webp"",""webp_width"":415,""webp_height"":276,""source_bytes"":21160,""webp_bytes"":7660,""download_status"":""取得済み"",""download_error"":""""}]",4,"{""所在地"":""さいたま市桜区町谷１丁目８−５"",""電話番号"":""048-839-7011"",""代表"":""島田 久美子"",""HP/SNS"":""ホームページ""}",さいたま市桜区町谷１丁目８−５,048-839-7011,代表: 島田 久美子,ホームページ,2026-03-28T15:45:52,2026-03-28T15:45:52,https://artscouncil-saitama.jp/library/survey/renard/,2026-08-02,取得済み,,著作物（オープンデータ対象外）,© Saitama City Cultural Promotion Foundation / アーツカウンシルさいたま,公式サイトの著作権表示・利用条件に従うこと。オープンデータCSVとは分離して利用する。,images/ACS0042/01-eyecatch.webp,4,100462
43,ACS0043,4127,ohnisiya,大西屋酒店（MATCHBOX）,シドニーで生まれたOhnisiya World,令和7年度,かつてはメイン道路だった大宮駅から氷川神社への近道「一の宮通り」、この通りで大西屋酒店は大正期より創業し、1926年（昭和元年）現在地に新築移転。この店は時代の流れを見続け、街にいろいろな顔を向けてきた。ご近所に酒や日常品を配達していた頃は、年末の集金作業が夜中まで続いた。その頃からの毎年12月10日の十日市での甘酒や酒の店先販売が今も続き、現在は通常の酒店…,"大西屋酒店が語る街の姿
かつてはメイン道路だった大宮駅から氷川神社への近道「一の宮通り」、この通りで大西屋酒店は大正期より創業し、1926年（昭和元年）現在地に新築移転。この店は時代の流れを見続け、街にいろいろな顔を向けてきた。ご近所に酒や日常品を配達していた頃は、年末の集金作業が夜中まで続いた。その頃からの毎年12月10日の十日市での甘酒や酒の店先販売が今も続き、現在は通常の酒店とともに、店主が名付けたMATCHBOXという角打ちスタイルもある。覗いてみると薄暗く入りづらいかもしれないが、昭和の雰囲気を温かく漂わせている。

店主がつくる夢の空間
店主・堀江利武さんは、子供の頃、近所のおもちゃ問屋でミニカーのMatchboxに憧れ、父親に買ってもらった。それ以来、模型作りや工作、イラストなどの趣味が続いている。廃品を手に入れ愛情たっぷりにアップサイクルした白く光る子ども用ゴーカートが、黒光りする梁と天井の下に鎮座。他にも堀江さんが制作した屋号入りの木製の車や多くの作品が店内とショーケースに並ぶ。
お店のスタイルは30代にオーストラリアで出会った酒屋でヒントを得た。どんな人も受け入れ、何事にも寛容なスタイルは、毎晩角打ちに集まる様々な顔ぶれに表れている。本棚にはお客さんたちが広告紙の裏に4コマ漫画を描き、製本したものなど、暗がりの中にはこうした交流のエピソードが分厚く潜む魅力的な空間だ。

さいたま国際芸術祭のアーティストやサポーターたちにとって重要なたまり場
さいたま国際芸術祭２０２０では、近隣の旧大宮図書館が主要会場の一つであり、２０２３では大西屋自身が展示会場になったことで、多くのアーティストやサポーターたちが立ち寄った。2021年の市民プロジェクトではアーティストの寿の色（じゅのしき）さんが「大宮の色をキャッチandリリース」プロジェクトで大西屋をイメージした色でネオ赤提灯（紙の立体ステンドグラス）を市民と制作。それは今もカウンター上の天井から吊り下げられていた。
これからも堀江さんはカウンターに座り、これまでのような穏やかな眼差しで大西屋の暗がりにどんな明かりが灯り、地層が堆積していくのかを見守っていくのだろう。","[{""heading"":""大西屋酒店が語る街の姿"",""paragraphs"":[""かつてはメイン道路だった大宮駅から氷川神社への近道「一の宮通り」、この通りで大西屋酒店は大正期より創業し、1926年（昭和元年）現在地に新築移転。この店は時代の流れを見続け、街にいろいろな顔を向けてきた。ご近所に酒や日常品を配達していた頃は、年末の集金作業が夜中まで続いた。その頃からの毎年12月10日の十日市での甘酒や酒の店先販売が今も続き、現在は通常の酒店とともに、店主が名付けたMATCHBOXという角打ちスタイルもある。覗いてみると薄暗く入りづらいかもしれないが、昭和の雰囲気を温かく漂わせている。""]},{""heading"":""店主がつくる夢の空間"",""paragraphs"":[""店主・堀江利武さんは、子供の頃、近所のおもちゃ問屋でミニカーのMatchboxに憧れ、父親に買ってもらった。それ以来、模型作りや工作、イラストなどの趣味が続いている。廃品を手に入れ愛情たっぷりにアップサイクルした白く光る子ども用ゴーカートが、黒光りする梁と天井の下に鎮座。他にも堀江さんが制作した屋号入りの木製の車や多くの作品が店内とショーケースに並ぶ。\nお店のスタイルは30代にオーストラリアで出会った酒屋でヒントを得た。どんな人も受け入れ、何事にも寛容なスタイルは、毎晩角打ちに集まる様々な顔ぶれに表れている。本棚にはお客さんたちが広告紙の裏に4コマ漫画を描き、製本したものなど、暗がりの中にはこうした交流のエピソードが分厚く潜む魅力的な空間だ。""]},{""heading"":""さいたま国際芸術祭のアーティストやサポーターたちにとって重要なたまり場"",""paragraphs"":[""さいたま国際芸術祭２０２０では、近隣の旧大宮図書館が主要会場の一つであり、２０２３では大西屋自身が展示会場になったことで、多くのアーティストやサポーターたちが立ち寄った。2021年の市民プロジェクトではアーティストの寿の色（じゅのしき）さんが「大宮の色をキャッチandリリース」プロジェクトで大西屋をイメージした色でネオ赤提灯（紙の立体ステンドグラス）を市民と制作。それは今もカウンター上の天井から吊り下げられていた。\nこれからも堀江さんはカウンターに座り、これまでのような穏やかな眼差しで大西屋の暗がりにどんな明かりが灯り、地層が堆積していくのかを見守っていくのだろう。""]}]",927,https://artscouncil-saitama.jp/wp-content/uploads/2026/03/1-1ohnisiya-1280x720.jpg,"[{""role"":""eyecatch"",""url"":""https://artscouncil-saitama.jp/wp-content/uploads/2026/03/1-1ohnisiya-1280x720.jpg"",""alt"":"""",""width"":null,""height"":null,""local_path"":""images/ACS0043/01-eyecatch.webp"",""webp_width"":1280,""webp_height"":720,""source_bytes"":227075,""webp_bytes"":93882,""download_status"":""取得済み"",""download_error"":""""},{""role"":""body"",""url"":""https://artscouncil-saitama.jp/wp-content/uploads/2026/03/1-2ohnisiya-415x277.jpg"",""alt"":"""",""width"":415,""height"":277,""local_path"":""images/ACS0043/02-body.webp"",""webp_width"":415,""webp_height"":277,""source_bytes"":44165,""webp_bytes"":22684,""download_status"":""取得済み"",""download_error"":""""},{""role"":""body"",""url"":""https://artscouncil-saitama.jp/wp-content/uploads/2026/03/1-3ohnisiya-415x402.jpg"",""alt"":"""",""width"":415,""height"":402,""local_path"":""images/ACS0043/03-body.webp"",""webp_width"":415,""webp_height"":402,""source_bytes"":24455,""webp_bytes"":7098,""download_status"":""取得済み"",""download_error"":""""},{""role"":""body"",""url"":""https://artscouncil-saitama.jp/wp-content/uploads/2026/03/1-5ohnisiya-415x514.jpg"",""alt"":"""",""width"":415,""height"":514,""local_path"":""images/ACS0043/04-body.webp"",""webp_width"":415,""webp_height"":514,""source_bytes"":55533,""webp_bytes"":25380,""download_status"":""取得済み"",""download_error"":""""},{""role"":""body"",""url"":""https://artscouncil-saitama.jp/wp-content/uploads/2026/03/1-4ohnisiya-415x201.jpg"",""alt"":"""",""width"":415,""height"":201,""local_path"":""images/ACS0043/05-body.webp"",""webp_width"":415,""webp_height"":201,""source_bytes"":32151,""webp_bytes"":16396,""download_status"":""取得済み"",""download_error"":""""}]",5,"{""所在地"":""さいたま市大宮区大門町3-207"",""電話番号"":""048-641-0703"",""代表"":""堀江利武""}",さいたま市大宮区大門町3-207,048-641-0703,代表: 堀江利武,,2026-03-28T15:45:34,2026-03-28T15:45:34,https://artscouncil-saitama.jp/library/survey/ohnisiya/,2026-08-02,取得済み,,著作物（オープンデータ対象外）,© Saitama City Cultural Promotion Foundation / アーツカウンシルさいたま,公式サイトの著作権表示・利用条件に従うこと。オープンデータCSVとは分離して利用する。,images/ACS0043/01-eyecatch.webp,5,165440
44,ACS0044,4155,ikkai,北浦和イッカイ,商店街の一階で、お試しに一回,令和7年度,「北浦和イッカイ」は北浦和駅西口の「北浦和西口銀座商店街」の通りに面した3階戸建ての1階にあります。レンタルスペースというかたちで運営する「シェアキッチン＆コミュニティスペース」として2023年6月にスタートしました。「イッカイ」という心に残る名前には、スペースが建物の「一階」、何かにチャレンジする気持ちでお試しに「一回」、そして「一堂に会する」場、という3…,"どんな場所？
「北浦和イッカイ」は北浦和駅西口の「北浦和西口銀座商店街」の通りに面した3階戸建ての1階にあります。レンタルスペースというかたちで運営する「シェアキッチン＆コミュニティスペース」として2023年6月にスタートしました。「イッカイ」という心に残る名前には、スペースが建物の「一階」、何かにチャレンジする気持ちでお試しに「一回」、そして「一堂に会する」場、という3つの意図が込められているとのこと。「イカ」が描かれた可愛くて素朴な看板が和みます。
レンタルスペースは、カーテンで仕切ることが可能な、テーブルと椅子のリビングルームのようなお部屋と小上がりの六畳の和室の二つに分かれていて、明るく気持ちのよい空間となっています。通りから催し物が目に入り易く訴求力もあり、気軽に立ち寄れる点も大きな魅力です。特筆すべきは充実したキッチンスペースが併設されていて、このキッチンで飲食業許可と菓子製造業許可が取得できます。オープン以来、様々な催事で地域を彩り、人々にフレッシュな楽しみを提供し続けています。

オープンのきっかけ、経緯は？
この「北浦和イッカイ」の前身は、なんと猪瀬さんのご家族が住んでいた戸建てのガレージだったそう！夫の猪瀬浩平さん(文化人類学者)がこのガレージを使って様々な催し物等を行い、「住み開き」のようなかたちで活用していたのですが、早紀さんは商店街の業態の変化に伴い、人とのコミュニケーションの場が減り、活気も薄れてきたように感じていたとのこと。何かしら地域への貢献をしたいという想いから育児の合間をぬって奮闘、埼玉県の社会課題解決のための助成を得て、自宅ガレージをリノベーション、新たな拠点「北浦和イッカイ」を実現させたということでした。
今までに、シェアキッチンを活用した「子ども食堂」の展開や、米粉や生米から作った食品、新鮮野菜の手作り弁当の提供など、安心おいしい優しい「食」を通じた人々の笑顔が生まれています。また、シェアスペースでは作家の作品発表や販売、様々なワークショップ、他にも着付け教室、映画上映会等々魅力的な場として、利用のアイデアは増々広がりを見せています。

今後の展望は
「こだわりのある人に憧れがあり、持ち込まれた企画を応援できることにワクワクします。自分自身も新しい体験をしていきたい！今後は定期的な利用者も増やしながら、運営の安定化を図りたい。他所の催事チラシの配架も行っているが、それによってそれぞれの活動が伝播し繋がっていくのは、発信する場としてもうれしい。」と猪瀬さんは目を輝かせる。また近隣には埼玉県立近代美術館や北浦和公園もあり、恵まれた環境を活かして美術館や公園、商店街を巡って楽しめるような流れにつながれば、という意気込みも語ってくださいました。","[{""heading"":""どんな場所？"",""paragraphs"":[""「北浦和イッカイ」は北浦和駅西口の「北浦和西口銀座商店街」の通りに面した3階戸建ての1階にあります。レンタルスペースというかたちで運営する「シェアキッチン＆コミュニティスペース」として2023年6月にスタートしました。「イッカイ」という心に残る名前には、スペースが建物の「一階」、何かにチャレンジする気持ちでお試しに「一回」、そして「一堂に会する」場、という3つの意図が込められているとのこと。「イカ」が描かれた可愛くて素朴な看板が和みます。"",""レンタルスペースは、カーテンで仕切ることが可能な、テーブルと椅子のリビングルームのようなお部屋と小上がりの六畳の和室の二つに分かれていて、明るく気持ちのよい空間となっています。通りから催し物が目に入り易く訴求力もあり、気軽に立ち寄れる点も大きな魅力です。特筆すべきは充実したキッチンスペースが併設されていて、このキッチンで飲食業許可と菓子製造業許可が取得できます。オープン以来、様々な催事で地域を彩り、人々にフレッシュな楽しみを提供し続けています。""]},{""heading"":""オープンのきっかけ、経緯は？"",""paragraphs"":[""この「北浦和イッカイ」の前身は、なんと猪瀬さんのご家族が住んでいた戸建てのガレージだったそう！夫の猪瀬浩平さん(文化人類学者)がこのガレージを使って様々な催し物等を行い、「住み開き」のようなかたちで活用していたのですが、早紀さんは商店街の業態の変化に伴い、人とのコミュニケーションの場が減り、活気も薄れてきたように感じていたとのこと。何かしら地域への貢献をしたいという想いから育児の合間をぬって奮闘、埼玉県の社会課題解決のための助成を得て、自宅ガレージをリノベーション、新たな拠点「北浦和イッカイ」を実現させたということでした。\n今までに、シェアキッチンを活用した「子ども食堂」の展開や、米粉や生米から作った食品、新鮮野菜の手作り弁当の提供など、安心おいしい優しい「食」を通じた人々の笑顔が生まれています。また、シェアスペースでは作家の作品発表や販売、様々なワークショップ、他にも着付け教室、映画上映会等々魅力的な場として、利用のアイデアは増々広がりを見せています。""]},{""heading"":""今後の展望は"",""paragraphs"":[""「こだわりのある人に憧れがあり、持ち込まれた企画を応援できることにワクワクします。自分自身も新しい体験をしていきたい！今後は定期的な利用者も増やしながら、運営の安定化を図りたい。他所の催事チラシの配架も行っているが、それによってそれぞれの活動が伝播し繋がっていくのは、発信する場としてもうれしい。」と猪瀬さんは目を輝かせる。また近隣には埼玉県立近代美術館や北浦和公園もあり、恵まれた環境を活かして美術館や公園、商店街を巡って楽しめるような流れにつながれば、という意気込みも語ってくださいました。""]}]",1159,https://artscouncil-saitama.jp/wp-content/uploads/2026/03/3-1ikkai-1280x720.jpg,"[{""role"":""eyecatch"",""url"":""https://artscouncil-saitama.jp/wp-content/uploads/2026/03/3-1ikkai-1280x720.jpg"",""alt"":"""",""width"":null,""height"":null,""local_path"":""images/ACS0044/01-eyecatch.webp"",""webp_width"":1280,""webp_height"":720,""source_bytes"":281250,""webp_bytes"":145112,""download_status"":""取得済み"",""download_error"":""""},{""role"":""body"",""url"":""https://artscouncil-saitama.jp/wp-content/uploads/2026/03/3-2ikkai-415x553.jpg"",""alt"":"""",""width"":415,""height"":553,""local_path"":""images/ACS0044/02-body.webp"",""webp_width"":415,""webp_height"":553,""source_bytes"":60508,""webp_bytes"":23404,""download_status"":""取得済み"",""download_error"":""""},{""role"":""body"",""url"":""https://artscouncil-saitama.jp/wp-content/uploads/2026/03/3-3ikkai-415x553.jpg"",""alt"":"""",""width"":415,""height"":553,""local_path"":""images/ACS0044/03-body.webp"",""webp_width"":415,""webp_height"":553,""source_bytes"":62388,""webp_bytes"":25622,""download_status"":""取得済み"",""download_error"":""""}]",3,"{""所在地"":""さいたま市浦和区常盤10-9-15"",""代表"":""猪瀬早紀"",""HP/SNS"":""Instagram""}",さいたま市浦和区常盤10-9-15,,代表: 猪瀬早紀,Instagram,2026-03-28T15:45:17,2026-03-28T15:45:17,https://artscouncil-saitama.jp/library/survey/ikkai/,2026-08-02,取得済み,,著作物（オープンデータ対象外）,© Saitama City Cultural Promotion Foundation / アーツカウンシルさいたま,公式サイトの著作権表示・利用条件に従うこと。オープンデータCSVとは分離して利用する。,images/ACS0044/01-eyecatch.webp,3,194138
45,ACS0045,4137,be-acto,Be ACTO武蔵浦和マチノバ,はじめたい、やってみたいが実現する「町の場」,令和7年度,武蔵浦和駅から直通のデッキに面したマチノバには、会員が自由に利用できるラウンジ、シェアキッチン、レンタルスペース、シェア本棚などが整備されている。さらに、屋外に設けられた通路や広場も貸し出し対象となっており、イベントの会場として活用されている。利用料金は相場よりも低く設定されており、プロではない一般の人でも気軽に利用できる価格を意識して決められているという。…,"どんな場所？
武蔵浦和駅から直通のデッキに面したマチノバには、会員が自由に利用できるラウンジ、シェアキッチン、レンタルスペース、シェア本棚などが整備されている。さらに、屋外に設けられた通路や広場も貸し出し対象となっており、イベントの会場として活用されている。利用料金は相場よりも低く設定されており、プロではない一般の人でも気軽に利用できる価格を意識して決められているという。利用者層は、飲食店の営業や教室開講など「初めての挑戦の第一歩を踏み出したい」という人をはじめ、子育て中のファミリー層、休憩や会議目的で訪れるワーカー、自習スペースを求める学生など、多岐にわたっている。

オープンまでの経緯
マチノバは、「夢中になれる街」というビジョンと地域の人々が交流できる場をつくりたいという想いのもと、2024年6月にオープンした。立ち上げ時に「地元の人に運営してもらいたい」という思いがあり、その方針から、さいたま市出身の直井さんが運営事務局を務めることになったという。「マチノバ」という名前は、文字通り“町の場”という意味を持つ。特定の機能を持たないその「場」で、何ができるか、何が求められるのかという視点から、町の居心地の良さについて今後も考え続けていきたいと語っていた。

昨年からはじめた地域のイベント
武蔵浦和地域には、いくつかの大きな年中行事があるそうだが、直井さんの中で印象に残っているイベントは、マチノバの会員が開催した「夏祭り」とのこと。夏祭りは去年からはじまったイベントで、直井さん自身もどうなるかわからない部分があったそうだが、結果的には大成功だったという。集客できたことも重要だったが、それ以上に会場での空気感や雰囲気がとても良く、武蔵浦和は子育て世代の方々も多く住んでいる中で、学校じゃない場所で集まれる場所があることが重要であったと言う。2026年も開催予定とのこと。

マチノバが目指す役割
スタッフも含め、全員を利用者として考えているという直井さん。利用者を迎える側と利用者として迎えられる側がごっちゃになる空間になり、その時々によって、形や雰囲気、役割が変わる場所になることを期待しているそうだ。
マチノバが打ち出している場所のコンセプトは、「あなたの腕のみせドコロ」。なにかをはじめたい、やってみたい人の腕の見せ所の場所になることを目指している。直井さん個人としては、何かをはじめる人の「失敗できる場所」にしたいと思っているそうだ。それは、なかなか「失敗できる場所」がないからだ。そして、運営者としては、利用者へ「問うこと」や「聞くこと」を心がけていて、利用者の相談に乗ることや、逆に相談に乗ってもらうことも多いという。これから、武蔵浦和の中で、マチノバがどんな場所になっていくのだろうか、とても楽しみである。","[{""heading"":""どんな場所？"",""paragraphs"":[""武蔵浦和駅から直通のデッキに面したマチノバには、会員が自由に利用できるラウンジ、シェアキッチン、レンタルスペース、シェア本棚などが整備されている。さらに、屋外に設けられた通路や広場も貸し出し対象となっており、イベントの会場として活用されている。利用料金は相場よりも低く設定されており、プロではない一般の人でも気軽に利用できる価格を意識して決められているという。利用者層は、飲食店の営業や教室開講など「初めての挑戦の第一歩を踏み出したい」という人をはじめ、子育て中のファミリー層、休憩や会議目的で訪れるワーカー、自習スペースを求める学生など、多岐にわたっている。""]},{""heading"":""オープンまでの経緯"",""paragraphs"":[""マチノバは、「夢中になれる街」というビジョンと地域の人々が交流できる場をつくりたいという想いのもと、2024年6月にオープンした。立ち上げ時に「地元の人に運営してもらいたい」という思いがあり、その方針から、さいたま市出身の直井さんが運営事務局を務めることになったという。「マチノバ」という名前は、文字通り“町の場”という意味を持つ。特定の機能を持たないその「場」で、何ができるか、何が求められるのかという視点から、町の居心地の良さについて今後も考え続けていきたいと語っていた。""]},{""heading"":""昨年からはじめた地域のイベント"",""paragraphs"":[""武蔵浦和地域には、いくつかの大きな年中行事があるそうだが、直井さんの中で印象に残っているイベントは、マチノバの会員が開催した「夏祭り」とのこと。夏祭りは去年からはじまったイベントで、直井さん自身もどうなるかわからない部分があったそうだが、結果的には大成功だったという。集客できたことも重要だったが、それ以上に会場での空気感や雰囲気がとても良く、武蔵浦和は子育て世代の方々も多く住んでいる中で、学校じゃない場所で集まれる場所があることが重要であったと言う。2026年も開催予定とのこと。""]},{""heading"":""マチノバが目指す役割"",""paragraphs"":[""スタッフも含め、全員を利用者として考えているという直井さん。利用者を迎える側と利用者として迎えられる側がごっちゃになる空間になり、その時々によって、形や雰囲気、役割が変わる場所になることを期待しているそうだ。\nマチノバが打ち出している場所のコンセプトは、「あなたの腕のみせドコロ」。なにかをはじめたい、やってみたい人の腕の見せ所の場所になることを目指している。直井さん個人としては、何かをはじめる人の「失敗できる場所」にしたいと思っているそうだ。それは、なかなか「失敗できる場所」がないからだ。そして、運営者としては、利用者へ「問うこと」や「聞くこと」を心がけていて、利用者の相談に乗ることや、逆に相談に乗ってもらうことも多いという。これから、武蔵浦和の中で、マチノバがどんな場所になっていくのだろうか、とても楽しみである。""]}]",1172,https://artscouncil-saitama.jp/wp-content/uploads/2026/03/0-lounge1_small-1000x720.jpg,"[{""role"":""eyecatch"",""url"":""https://artscouncil-saitama.jp/wp-content/uploads/2026/03/0-lounge1_small-1000x720.jpg"",""alt"":"""",""width"":null,""height"":null,""local_path"":""images/ACS0045/01-eyecatch.webp"",""webp_width"":1000,""webp_height"":720,""source_bytes"":232170,""webp_bytes"":76584,""download_status"":""取得済み"",""download_error"":""""},{""role"":""body"",""url"":""https://artscouncil-saitama.jp/wp-content/uploads/2026/03/DSC06226-415x277.jpg"",""alt"":"""",""width"":415,""height"":277,""local_path"":""images/ACS0045/02-body.webp"",""webp_width"":415,""webp_height"":277,""source_bytes"":82442,""webp_bytes"":16524,""download_status"":""取得済み"",""download_error"":""""},{""role"":""body"",""url"":""https://artscouncil-saitama.jp/wp-content/uploads/2026/03/DSC06047-415x277.jpg"",""alt"":"""",""width"":415,""height"":277,""local_path"":""images/ACS0045/03-body.webp"",""webp_width"":415,""webp_height"":277,""source_bytes"":69922,""webp_bytes"":13350,""download_status"":""取得済み"",""download_error"":""""},{""role"":""body"",""url"":""https://artscouncil-saitama.jp/wp-content/uploads/2026/03/DSC06768-415x277.jpg"",""alt"":"""",""width"":415,""height"":277,""local_path"":""images/ACS0045/04-body.webp"",""webp_width"":415,""webp_height"":277,""source_bytes"":71007,""webp_bytes"":13912,""download_status"":""取得済み"",""download_error"":""""},{""role"":""body"",""url"":""https://artscouncil-saitama.jp/wp-content/uploads/2026/03/DSC06496-415x277.jpg"",""alt"":"""",""width"":415,""height"":277,""local_path"":""images/ACS0045/05-body.webp"",""webp_width"":415,""webp_height"":277,""source_bytes"":57082,""webp_bytes"":9600,""download_status"":""取得済み"",""download_error"":""""}]",5,"{""所在地"":""さいたま市南区沼影１丁目８−１プラウドシティ武蔵浦和\nステーションアリーナ３階"",""事務局スタッフ"":""直井薫子"",""HP/SNS"":""ホームページ""}","さいたま市南区沼影１丁目８−１プラウドシティ武蔵浦和
ステーションアリーナ３階",,事務局スタッフ: 直井薫子,ホームページ,2026-03-28T14:29:28,2026-03-28T15:45:42,https://artscouncil-saitama.jp/library/survey/be-acto/,2026-08-02,取得済み,,著作物（オープンデータ対象外）,© Saitama City Cultural Promotion Foundation / アーツカウンシルさいたま,公式サイトの著作権表示・利用条件に従うこと。オープンデータCSVとは分離して利用する。,images/ACS0045/01-eyecatch.webp,5,129970
